search_id,keyword,search_account,rank,note_id,note_table_id,title,type,desc,note_url,video_url,image_list,tag_list,author_id,nickname,liked_count,collected_count,comment_count,share_count,brand_list,spu_list,emotion_dict,evaluation_dict,has_note_detail,has_brand_info,brand
345,丰盈蓬松洗发水,小红薯momo,2,6699d9e20000000025002207,205.0,Fan Beauty白檀洗护大羊毛！get高颅顶！,video,"油扁塌，干枯毛躁，静电分叉，没事哒！试试黑长直美女发量星人都在用的白檀洗护套组！趁着现在有大羊毛，抓紧薅！
#FanBeauty[话题]#  #洗发水[话题]#  #高颅顶[话题]#  #护发素[话题]#  #白檀香氛蓬蓬丰盈洗发水[话题]#  #发量王者[话题]#",https://www.xiaohongshu.com/explore/6699d9e20000000025002207?xsec_token=ABpnDGH0nyBDktlDGbzOpq-sUuZCQ_cNlMk7fCvNJFJ6Y=&xsec_source=pc_search,http://sns-video-bd.xhscdn.com/spectrum/1040g358315dtfj070q004a5jrnnaq7njl9fpneo,"""http://sns-img-hw.xhscdn.com/spectrum/1040g0k0315dttqa60m004a5jrnnaq7nj1pdtakg!nd_dft_wlteh_jpg_3""","""FanBeauty,洗发水,高颅顶,护发素,白檀香氛蓬蓬丰盈洗发水,发量王者""",5b062ead4eacab12ef6c1ef3,FanBeauty惊喜舍,787.0,210.0,12.0,52.0,"""[\""Fan Beauty\""]""","""[\""Fan Beauty白檀香氛蓬蓬丰盈洗发水\"",\""护发素\""]""","{""Fan Beauty"": ""正向""}","{""Fan Beauty白檀香氛蓬蓬丰盈洗发水"": [""高颅顶"", ""控油"", ""蓬松""]}",True,True,Fan Beauty
348,丰盈蓬松洗发水,小红薯momo,5,683e841c000000002001c210,208.0,细软塌星人快集合！这款洗发水真的神,normal,"不知道大家有没有和我一样的经历
早上精心洗了头出门没几个小时 头发就开始“塌方”
贴在头皮上 显得脸大又没精神 拍照都不好看
为了拯救这扁塌的头发 我试了好多洗发水
直到遇到了这款爱敬蜂胶洗发水！
我选的是这款强韧红蜂胶
它简直是细软塌发质的“梦中情水”！
一打开瓶盖是那种异国魅力的粉色花香
还带着酸甜甜的覆盆子香气
每次洗头身心都像置身花海 心情超美~
里面有蜂胶、蜂王浆、玫瑰果油和玫瑰水啥的
这几样好东西聚在一起 就像给头发来了一场营养盛宴
用了一段时间 明显感觉头发没那么容易塌了
变得蓬松又丰盈 发根都支棱起来了
整个发量看起来都多了不少！
而且头发如瀑布般垂顺 不再毛毛躁躁啦
它里面的3重蜂胶配方可以由内到外强韧的弹性修护头发改善了我头发无力下垂的老毛病
弹性也越来越好了
现在就算熬夜 压力大头发状态也依旧在线
618快到了 这么宝藏的洗发水必须囤起来！
姐妹们别再犹豫 快冲！
用了它 咱们也能拥有让人羡慕的蓬松氛围感美炸发~
#爱敬科娜洗丝[话题]##爱敬蜂胶洗发水[话题]##618洗发水[话题]##618囤货指南[话题]##烫染修护洗发水[话题]##绸缎发[话题]#",https://www.xiaohongshu.com/explore/683e841c000000002001c210?xsec_token=ABO9akIQqL6c5vwJ2Mrmv8I7bNnyM4jpIHLTaVxa_zTtI=&xsec_source=pc_search,,"""http://sns-img-hw.xhscdn.com/notes_pre_post/1040g3k031i8nqn1278005o23g1u08611s1crc3o!nd_dft_wlteh_jpg_3,http://sns-img-hw.xhscdn.com/notes_pre_post/1040g3k031i8nqn12780g5o23g1u08611dma4mn8!nd_dft_wlteh_jpg_3,http://sns-img-hw.xhscdn.com/notes_pre_post/1040g3k031i8nqn1278105o23g1u08611ff08c5g!nd_dft_wlteh_jpg_3,http://sns-img-hw.xhscdn.com/notes_pre_post/1040g3k031i8nqn12781g5o23g1u08611cvdm620!nd_dft_wlteh_jpg_3,http://sns-img-hw.xhscdn.com/notes_pre_post/1040g3k031i8nqn1278205o23g1u08611vnf1q5o!nd_dft_wlteh_jpg_3,http://sns-img-hw.xhscdn.com/notes_pre_post/1040g3k031i8nqn12782g5o23g1u08611haj0j9o!nd_dft_wlteh_jpg_3,http://sns-img-hw.xhscdn.com/notes_pre_post/1040g3k031i8nqn1278305o23g1u08611itina88!nd_dft_wlteh_jpg_3,http://sns-img-hw.xhscdn.com/notes_pre_post/1040g3k031i8nqn12783g5o23g1u08611f6ergt8!nd_dft_wlteh_jpg_3,http://sns-img-hw.xhscdn.com/notes_pre_post/1040g3k031i8nqn1278405o23g1u08611teq76jg!nd_dft_wlteh_jpg_3,http://sns-img-hw.xhscdn.com/notes_pre_post/1040g3k031i8nqn12784g5o23g1u08611gn52ejo!nd_dft_wlteh_jpg_3""","""爱敬科娜洗丝,爱敬蜂胶洗发水,618洗发水,618囤货指南,烫染修护洗发水,绸缎发""",6043807c0000000001001821,超爱笑的舟舟,1.0,0.0,0.0,0.0,"""[\""爱敬\""]""","""[\""爱敬蜂胶洗发水\"",\""爱敬科娜洗丝\""]""","{""爱敬"": ""正向""}","{""爱敬蜂胶洗发水"": [""蓬松"", ""丰盈"", ""强韧"", ""修护"", ""持久留香""], ""爱敬科娜洗丝"": [""改善发质"", ""提升发量""]}",True,True,爱敬
351,丰盈蓬松洗发水,小红薯momo,8,6708f924000000001902e674,210.0,双十一油扁塌必囤洗护套组！！！,video,#FanBeauty[话题]#  #洗护好物[话题]#  #洗发水推荐[话题]#  #护发素推荐[话题]#  #白檀香氛蓬蓬丰盈洗发水[话题]#  #油扁塌必入蓬松洗发水[话题]#,https://www.xiaohongshu.com/explore/6708f924000000001902e674?xsec_token=ABWZ9iGkqinhLR9da6dAfLvPvyMWQSXRZE-Wyr5XXuy60=&xsec_source=pc_search,http://sns-video-bd.xhscdn.com/spectrum/1040g2f0318qe68a50m004a5jrnnaq7nj8l3khoo,"""http://sns-img-hw.xhscdn.com/spectrum/1040g34o318qekb9r3k0g4a5jrnnaq7nj9nl7oqg!nd_dft_wlteh_jpg_3""","""FanBeauty,洗护好物,洗发水推荐,护发素推荐,白檀香氛蓬蓬丰盈洗发水,油扁塌必入蓬松洗发水""",5b062ead4eacab12ef6c1ef3,FanBeauty惊喜舍,20.0,4.0,0.0,0.0,"""[\""FanBeauty\""]""","""[\""白檀香氛蓬蓬丰盈洗发水\""]""","{""FanBeauty"": ""正向""}","{""白檀香氛蓬蓬丰盈洗发水"": [""控油"", ""蓬松"", ""性价比高""]}",True,True,FanBeauty
352,丰盈蓬松洗发水,小红薯momo,9,67049cd2000000001a0220bb,211.0,油扁秃的活爹！用一次回购无数次的洗发水,normal,"身为一个油秃头打工人真的太太太糟心了
熬夜、压力大真的在所难免
头上的头发也不太结实
洗头掉、梳头掉、扎头发还掉
年纪轻轻天天顶着个油秃头
一整个显老又显丑！
姐妹们，头发的日常修护一定要重视起来
头发养好了，颜值翻一翻！！
—
赶紧试试这款EHD生姜洗发水！！
主打的就是一个99%纯度的【生姜】添加
改善头皮环境，舒缓瘙痒异味，滋养发根
还添加有【马齿苋】、【无患子】
控油蓬松，洗一次丰盈蓬松三整天！
—
淡黄色透明啫喱质地
里面是肉眼看的见的生姜颗粒！
味道是一股清爽的柠檬味
泡沫绵密丰富 洗感顺滑不拔干！
坚持用头发牢牢旱在头皮上！！
不用吹都是高颅顶氛围感美女！
油秃头姐妹还不赶紧用起来！
才几十块！再也不用担心漏头皮的尴尬了！！
#EHD生姜洗发水[话题]#  #发质差[话题]#  #油扁塌[话题]#  #好用洗发水[话题]#  #蓬松发根[话题]#  #压力大[话题]#  #强韧头发[话题]#",https://www.xiaohongshu.com/explore/67049cd2000000001a0220bb?xsec_token=ABCZ-bIoqpFqZyxiypUT2cG5X3tr8yBwU5LAirfjejUBs=&xsec_source=pc_search,,"""http://sns-img-hw.xhscdn.com/spectrum/1040g34o31ccrt4pv120g5nkdq9f08k2d5bl6ss8!nd_dft_wlteh_jpg_3,http://sns-img-hw.xhscdn.com/spectrum/1040g34o31ccrt5vt120g5nkdq9f08k2dsgphc60!nd_dft_wlteh_jpg_3,http://sns-img-hw.xhscdn.com/spectrum/1040g0k031ccrt5ibh6005nkdq9f08k2d1glp6fo!nd_dft_wlteh_jpg_3,http://sns-img-hw.xhscdn.com/spectrum/1040g0k031ccrt615h6005nkdq9f08k2d6umv6vo!nd_dft_wlteh_jpg_3,http://sns-img-hw.xhscdn.com/spectrum/1040g34o31ccrt5lu0c0g5nkdq9f08k2d6dg0lg0!nd_dft_wlteh_jpg_3,http://sns-img-hw.xhscdn.com/spectrum/1040g34o31ccrt5d3g80g5nkdq9f08k2d9nccj18!nd_dft_wlteh_jpg_3""","""EHD生姜洗发水,发质差,油扁塌,好用洗发水,蓬松发根,压力大,强韧头发""",5e8dd25e000000000100504d,EHD,124.0,64.0,26.0,18.0,"""[\""EHD\""]""","""[\""EHD生姜洗发水\""]""","{""EHD"": ""正向""}","{""EHD生姜洗发水"": [""改善头皮"", ""强韧发根"", ""控油蓬松"", ""性价比高""]}",True,True,EHD
353,丰盈蓬松洗发水,小红薯momo,10,67e52c54000000001d007330,212.0,🇲🇾知道蓬松但不知道那么蓬松啊！！爽飞了！,video,#高颅顶必备[话题]# #控油洗发水[话题]##昆黛尔[话题]# #kundal[话题]# #油头洗发水[话题]# #细软塌的秘诀[话题]# #不懂就问有问必答[话题]#,https://www.xiaohongshu.com/explore/67e52c54000000001d007330?xsec_token=ABLg4q94n-2NIzjjESjI3vwQgsuPRXxaFZ6PlpfobCNWg=&xsec_source=pc_search,http://sns-video-bd.xhscdn.com/1040g2so31fhfdcd306705ou63f99ifri4rfcnlg,"""http://sns-img-hw.xhscdn.com/1040g00831fkinijm7q005ou63f99ifri97qpq10!nd_dft_wlteh_jpg_3""","""高颅顶必备,控油洗发水,昆黛尔,kundal,油头洗发水,细软塌的秘诀,不懂就问有问必答""",63c61bd20000000026013f72,小米爱吃饭,519.0,286.0,15.0,50.0,"""[\""昆黛尔\"",\""kundal\""]""","""[\""控油蓬松洗发水\""]""","{""昆黛尔"": ""正向"", ""kundal"": ""正向""}","{""控油蓬松洗发水"": [""高颅顶必备"", ""清爽蓬松"", ""留香持久""]}",True,True,昆黛尔
353,丰盈蓬松洗发水,小红薯momo,10,67e52c54000000001d007330,212.0,🇲🇾知道蓬松但不知道那么蓬松啊！！爽飞了！,video,#高颅顶必备[话题]# #控油洗发水[话题]##昆黛尔[话题]# #kundal[话题]# #油头洗发水[话题]# #细软塌的秘诀[话题]# #不懂就问有问必答[话题]#,https://www.xiaohongshu.com/explore/67e52c54000000001d007330?xsec_token=ABLg4q94n-2NIzjjESjI3vwQgsuPRXxaFZ6PlpfobCNWg=&xsec_source=pc_search,http://sns-video-bd.xhscdn.com/1040g2so31fhfdcd306705ou63f99ifri4rfcnlg,"""http://sns-img-hw.xhscdn.com/1040g00831fkinijm7q005ou63f99ifri97qpq10!nd_dft_wlteh_jpg_3""","""高颅顶必备,控油洗发水,昆黛尔,kundal,油头洗发水,细软塌的秘诀,不懂就问有问必答""",63c61bd20000000026013f72,小米爱吃饭,519.0,286.0,15.0,50.0,"""[\""昆黛尔\"",\""kundal\""]""","""[\""控油蓬松洗发水\""]""","{""昆黛尔"": ""正向"", ""kundal"": ""正向""}","{""控油蓬松洗发水"": [""高颅顶必备"", ""清爽蓬松"", ""留香持久""]}",True,True,kundal
355,丰盈蓬松洗发水,小红薯momo,12,67d7ca5b000000001d0158d7,214.0,这茉莉白茶洗发水它是真的控油蓬松啊！,normal,"有没有和我一样姐妹！
是个大油头又偏偏爱折腾头发
结果弄的发根爱出油，发梢还干枯又分叉
两极分化真的太难了！
每天都洗头但还是很油！
油扁塌的痛谁懂啊！！
出门两分钟塌颅顶只需一分钟
真的想狠狠的做一天氛围发美女！
还好功夫不负有心人！
被我发现了海洋主义家洗发cp
盲入的用过去油它是真的行！
现在我三天没洗头也没人能看的出来！
控油！蓬松！顺滑！油扁塌真的爱惨了！
-
质地是透明啫喱质地
打出来的泡沫很细腻软绵绵的
有淡淡的茉莉白茶清香，闻着很清新又舒服！
洗完头发贼清爽蓬松！一点也不干涩！
发量不多的姐妹视觉上也能拥有高颅顶！
-
每次洗完头发
我都会搭配它家同款护发素一起使用哦
一套组合拳下来
1＋1＞2哦！
吹干头发直接被惊艳到！
就是我梦中的氛围发
头顶蓬松发尾柔顺！
发质好了不少！
看起来发量都爆增！真的很爱！
这就是油扁塌的命中组合！
#洗发水[话题]# #洗发水推荐[话题]# #控油洗发水[话题]# #好用洗发水[话题]# #洗发水控油蓬松[话题]# #油头洗发水[话题]# #平价洗发水[话题]# #洗发水测评[话题]# #洗发水分享[话题]# #油头救星[话题]#",https://www.xiaohongshu.com/explore/67d7ca5b000000001d0158d7?xsec_token=ABlkdsDGW7cDsNGuQnjiu9sJn3fiPkHKhmfoWL45Kai2Y=&xsec_source=pc_search,,"""http://sns-img-hw.xhscdn.com/notes_pre_post/1040g3k831f4bo3ecmq6g5pjvf8vhohj3reijde0!nd_dft_wlteh_jpg_3,http://sns-img-hw.xhscdn.com/notes_pre_post/1040g3k831f4dketo6m705pjvf8vhohj3e0ft2rg!nd_dft_wlteh_jpg_3,http://sns-img-hw.xhscdn.com/notes_pre_post/1040g3k831f4dketo6m7g5pjvf8vhohj3740amag!nd_dft_wlteh_jpg_3,http://sns-img-hw.xhscdn.com/notes_pre_post/1040g3k831f4dketo6m805pjvf8vhohj3k9moiao!nd_dft_wlteh_jpg_3,http://sns-img-hw.xhscdn.com/1040g00831f4dm07n5u005pjvf8vhohj3ervep90!nd_dft_wlteh_jpg_3,http://sns-img-hw.xhscdn.com/1040g00831f4dm07n5u0g5pjvf8vhohj3maehib0!nd_dft_wlteh_jpg_3,http://sns-img-hw.xhscdn.com/1040g00831f4dm07n5u105pjvf8vhohj33rus7l0!nd_dft_wlteh_jpg_3""","""洗发水,洗发水推荐,控油洗发水,好用洗发水,洗发水控油蓬松,油头洗发水,平价洗发水,洗发水测评,洗发水分享,油头救星""",667f7a3f0000000007004663,SOCUS 海洋主义雅诗,3301.0,1436.0,393.0,181.0,"""[\""海洋主义\""]""","""[\""海洋主义茉莉白茶洗发水\""]""","{""海洋主义"": ""正向""}","{""海洋主义茉莉白茶洗发水"": [""控油蓬松"", ""发质顺滑"", ""高颅顶"", ""性价比高""]}",True,True,海洋主义
356,丰盈蓬松洗发水,小红薯momo,13,681f3997000000002102c621,215.0,放心冲成分党！！不含硅油和月桂醇的洗发水！,normal,"国货氨基酸表活的洗发水！！
成分表真的随便看！很干净~
双牛氨基酸表活+植物精华
无硅油！无酒精！无皂基！无SLS/SLES！！
温和清洁头皮！
不添加月桂醇！不添加苯甲酸钠！0科技！！
专为油扁塌研发！一斤💰20几！！
深层净化头皮！干净不干燥！！洗出健康蓬松感~
成分党请放心冲！！
#璐米[话题]# #平价洗发水[话题]# #洗护好物[话题]# #洗发水[话题]# #洗发水控油蓬松[话题]# #油性发质[话题]# #洗发水分享[话题]# #油头洗发水[话题]# #璐米氨基酸表活洗发露[话题]# #油头救星[话题]# #学生党平价好物[话题]# #氨基酸洗发水[话题]# #",https://www.xiaohongshu.com/explore/681f3997000000002102c621?xsec_token=ABoB2OFMCDpYBhgXzo7-5Og1Hq0md0pSihYS9rXJYQThc=&xsec_source=pc_search,,"""http://sns-img-hw.xhscdn.com/notes_pre_post/1040g3k031ha1iofo3a4g5p6bc0n9el58234740o!nd_dft_wlteh_jpg_3,http://sns-img-hw.xhscdn.com/notes_pre_post/1040g3k031ha1iofo3a505p6bc0n9el583j6n4eo!nd_dft_wlteh_jpg_3,http://sns-img-hw.xhscdn.com/notes_pre_post/1040g3k031ha1iofo3a5g5p6bc0n9el58ioms970!nd_dft_wlteh_jpg_3,http://sns-img-hw.xhscdn.com/notes_pre_post/1040g3k031ha1iofo3a605p6bc0n9el58g56iuq0!nd_dft_wlteh_jpg_3""","""璐米,平价洗发水,洗护好物,洗发水,洗发水控油蓬松,油性发质,洗发水分享,油头洗发水,璐米氨基酸表活洗发露,油头救星,学生党平价好物,氨基酸洗发水""",675fd4e4000000001801e6e9,璐米LUMMI（暴富版）,159.0,76.0,44.0,17.0,"""[\""璐米\""]""","""[\""璐米氨基酸表活洗发露\""]""","{""璐米"": ""正向""}","{""璐米氨基酸表活洗发露"": [""温和控油"", ""成分安全"", ""学生党友好""]}",True,True,璐米
357,丰盈蓬松洗发水,小红薯momo,14,67a7777c00000000290091a5,216.0,相见恨晚！9.9💰的洗发水太太太绝了！,normal,"早上洗头晚上就塌的姐妹看过来呀👀
真的可以试试小美家这个氨基酸蓬松控油洗发水
小美家这款是无硅油洗发水 控油蓬松真的很到位
洗完不仅头发出油慢了 蓬松高颅顶也轻松拿捏
直接和油扁塌say886👋🏻
淡淡的木质花果香更是舒缓心情🍃
-
关键是9.9就到手550mL
便宜但是好用 真的相见恨晚🥳
一瓶就可以用上一段时间
很适合宿舍党学生党 ！
真的可以猛猛🐛一波
大家可以根据自己的头皮情况按需购买～
	
#学生党平价好物[话题]# #LMLTOP[话题]# #学生党也买得起[话题]##学生党[话题]#  #洗发水控油蓬松[话题]# #平价洗发水[话题]# #洗发水推荐[话题]# #秀发养出来[话题]# #爱用的洗护好物[话题]#",https://www.xiaohongshu.com/explore/67a7777c00000000290091a5?xsec_token=ABQoyrUqoJBjPOqSjpNnIm07Qppa7sOzuvUvKkY2hwtu4=&xsec_source=pc_search,,"""http://sns-img-hw.xhscdn.com/1040g2sg31dl7igvngc705pmvs0mne72lo6k5kdo!nd_dft_wlteh_jpg_3,http://sns-img-hw.xhscdn.com/1040g2sg31dl7igvngc7g5pmvs0mne72lt6nuur0!nd_dft_wlteh_jpg_3,http://sns-img-hw.xhscdn.com/1040g2sg31dl7igvngc805pmvs0mne72l9btd4lg!nd_dft_wlteh_jpg_3""","""学生党平价好物,LMLTOP,学生党也买得起,学生党,洗发水控油蓬松,平价洗发水,洗发水推荐,秀发养出来,爱用的洗护好物""",66dfe02d000000001d031c55,LMLTOP上野拉美拉,315.0,160.0,44.0,21.0,"""[\""LMLTOP\""]""","""[\""LMLTOP氨基酸蓬松控油洗发水\""]""","{""LMLTOP"": ""正向""}","{""LMLTOP氨基酸蓬松控油洗发水"": [""性价比极高"", ""持久蓬松"", ""学生党必备""]}",True,True,LMLTOP
361,丰盈蓬松洗发水,小红薯momo,18,67cacf57000000002900c8cc,219.0,国货小众洗发水也才20➕💰,normal,"大油头实在是太惨了！
一天没洗头！就油到不行...
	
☝原本一天一洗！
现在坚持2-3天没什么问题
还能保持清爽蓬松，没有头屑的烦恼！
	
✅多重植物精粹~
妥妥的头屑清理工！
这玩意能从根源清爽控油去屑🍃
✅还有舒缓止痒成分！
能大大减少头屑头痒的情况🌀
才20+💰喜欢的姐妹们直接冲哇👊
#洗发水[话题]##洗发水推荐[话题]##洗发水推荐排行榜女[话题]##洗发水控油蓬松[话题]##洗发水去屑止痒控油蓬松[话题]##去屑洗发水[话题]##控油洗发水[话题]##洗护好物[话题]##好物分享[话题]##38焕美季[话题]##我的养宠日常[话题]#",https://www.xiaohongshu.com/explore/67cacf57000000002900c8cc?xsec_token=ABLLOAi6v-5SoeLNRtrEr_q0psMTv_mRfa_IjasW5_V2Q=&xsec_source=pc_search,,"""http://sns-img-hw.xhscdn.com/1040g2sg31eno13lqls705omhg9cgvsa5o3gvo9g!nd_dft_wlteh_jpg_3,http://sns-img-hw.xhscdn.com/1040g2sg31eno13lqls7g5omhg9cgvsa5v3a1or8!nd_dft_wlteh_jpg_3,http://sns-img-hw.xhscdn.com/1040g2sg31eno13lqls805omhg9cgvsa5bdrdv4o!nd_dft_wlteh_jpg_3,http://sns-img-hw.xhscdn.com/1040g2sg31eno13lqls8g5omhg9cgvsa5blnfnt0!nd_dft_wlteh_jpg_3""","""洗发水,洗发水推荐,洗发水推荐排行榜女,洗发水控油蓬松,洗发水去屑止痒控油蓬松,去屑洗发水,控油洗发水,洗护好物,好物分享,38焕美季,我的养宠日常""",62d18259000000000303f145,爱兰歌娜身体清洁,40.0,22.0,20.0,8.0,"""[\""璐米\""]""","""[\""氨基酸表活洗发露\""]""","{""璐米"": ""正向""}","{""璐米"": [""控油去屑"", ""舒缓止痒"", ""平价大碗""]}",True,True,璐米
364,丰盈蓬松洗发水,小红薯momo,21,68342d77000000002001e290,222.0,20💰+的国货柔顺洗发水！无硅油无月桂醇！！,normal,"不许哪个沙发的姐妹不知道这款洗发水！！！
小璐带着沙发发质天菜来啦⬇
璐米氨基酸表活洗发露—鸢尾百里香
-
可以说是「炸」毛小熨斗🙋🏻‍♀
抚平毛躁，顺绸缎发
实力演绎丰盈柔顺
🌱氨基酸表活成分
双牛氨基酸表活+甜菜碱
无硫酸盐！无硅油！无矿油！无酒精！无传统防腐剂！
呵护发丝，温和清洁头皮
弱酸ph值，平衡油脂分泌~
🌱添加聚天冬氨酸钠专利成分*
（专利号：ZL 2018 1 16319195)
形成透气的保护膜
强锁水保湿功能，为发丝补充水分💦
改善头皮缺水紧绷~
🌱聚季铵盐-10+扁核木PRINSEPIA UTILIS油
抗静电 舒缓头皮发丝
抚平干枯毛躁，修护头发开叉
实力演绎柔顺瀑布发💞
-
水一冲就洗干净了，洗完吹干头发是那种缎面感
跟做滑滑梯一样丝滑，而且软软的很有光泽感✨
发丝轻盈了感觉发量都变多了
直接头包脸了👍
用完下来跟做了蛋白矫正没啥两样
而且发丝还散发着淡淡的草本芳香调
好闻到直接上头
氛围感拿捏了
29.9一斤520g
沙发毛躁发的姐妹们直接按斤囤！🐛
#璐米[话题]# #平价洗发水[话题]# #洗护好物[话题]# #干枯毛躁好物[话题]# #洗发水推荐[话题]# #学生党平价好物[话题]# #干枯毛躁发质[话题]# #干枯毛躁救星[话题]# #璐米氨基酸表活洗发露[话题]# #头发干枯毛糙[话题]#",https://www.xiaohongshu.com/explore/68342d77000000002001e290?xsec_token=ABEEMXZWI5CGB8LLjP-50nM3x3EBU6itaa0M37R-ABzsk=&xsec_source=pc_search,,"""http://sns-img-hw.xhscdn.com/notes_pre_post/1040g3k831huj5kcf3og05pqvqji63pn97aulj7o!nd_dft_wlteh_jpg_3,http://sns-img-hw.xhscdn.com/notes_pre_post/1040g3k831huj5kcf3ogg5pqvqji63pn9i45tg20!nd_dft_wlteh_jpg_3""","""璐米,平价洗发水,洗护好物,干枯毛躁好物,洗发水推荐,学生党平价好物,干枯毛躁发质,干枯毛躁救星,璐米氨基酸表活洗发露,头发干枯毛糙""",675fd4e4000000001801e6e9,璐米LUMMI（暴富版）,10.0,1.0,12.0,1.0,"""[\""璐米\""]""","""[\""氨基酸表活洗发露\""]""","{""璐米"": ""正向""}","{""璐米"": [""无硅油"", ""柔顺丝滑"", ""改善毛躁""]}",True,True,璐米
367,丰盈蓬松洗发水,小红薯momo,24,67cc4d3a000000002903f251,225.0,油头细软塌本命！洗出章小蕙同款气质高颅顶,video,"章小蕙亲自搭配的高颅顶CP
简直是细软塌&油扁塌的救命套组！
-
1⃣MY.ORGANICS 有机楝树油
洗头前涂抹于头皮发缝
舒缓放松头皮，油、痒、痘、屑不再困扰
-
2⃣MY.ORGANICS 有机净化洗发水
天然控油成分迷迭香
温和洗净多余油脂和老化角质
-
3⃣MY.ORGANICS 有机丰盈洗发水
多重有机植物精粹
蓬松发根发丝，发量疯涨一倍
-
点击左下方进入直播间
立享首播专属价~
#myorganics[话题]# #myorganics洗发水[话题]# #章小蕙洗发水[话题]# #章小蕙直播[话题]# #章小蕙护发[话题]# #myorganics[话题]# #控油蓬松[话题]# #细软塌[话题]# #油扁塌[话题]# #蓬松洗发水[话题]#",https://www.xiaohongshu.com/explore/67cc4d3a000000002903f251?xsec_token=AB2-8CWowOCFC19W__LRmo6x2dsBHVKxzJ32EIpyx4m44=&xsec_source=pc_search,http://sns-video-bd.xhscdn.com/pre_post/1040g0cg31ep4eeo76aj05ok601bocl7jnfkirto,"""http://sns-img-hw.xhscdn.com/1040g00831ep4gruc66605ok601bocl7jhgcek0o!nd_dft_wlteh_jpg_3""","""myorganics,myorganics洗发水,章小蕙洗发水,章小蕙直播,章小蕙护发,控油蓬松,细软塌,油扁塌,蓬松洗发水""",6286005700000000210254f3,MY.ORGANICS,18.0,14.0,0.0,8.0,"""[\""MY.ORGANICS\""]""","""[\""有机楝树油\"",\""有机净化洗发水\"",\""有机丰盈洗发水\""]""","{""MY.ORGANICS"": ""正向""}","{""MY.ORGANICS"": [""控油"", ""温和"", ""蓬松发根"", ""天然成分"", ""高颅顶""]}",True,True,MY.ORGANICS
370,丰盈蓬松洗发水,小红薯momo,27,66c4496e000000001d019f69,228.0,fan beauty白檀洗护，现在真的好划算！,video,"💆大油头，细软塌的姐妹，一定要试试的白檀洗护套组！
清洁控油，💁高颅顶也能被洗出来~
💡一定要搭配护发素成套使用哦，拿捏姐姐同款柔顺亮泽瀑布发👩！
#FanBeauty[话题]#  #洗护推荐[话题]#  #白檀香氛蓬蓬丰盈洗发水[话题]#  #护发素[话题]#  #头油[话题]#  #高颅顶[话题]#  #洗发水推荐[话题]#",https://www.xiaohongshu.com/explore/66c4496e000000001d019f69?xsec_token=ABErJEmOfET-mqmOTFM7NtWjfAwZh-oHreECez0xjCniQ=&xsec_source=pc_search,http://sns-video-bd.xhscdn.com/spectrum/1040g350316nbubmq0m0g4a5jrnnaq7nje8jcdm8,"""http://sns-img-hw.xhscdn.com/spectrum/1040g34o316nbv5tj0m0g4a5jrnnaq7njvr8ai98!nd_dft_wlteh_jpg_3""","""FanBeauty,洗护推荐,白檀香氛蓬蓬丰盈洗发水,护发素,头油,高颅顶,洗发水推荐""",5b062ead4eacab12ef6c1ef3,FanBeauty惊喜舍,5.0,2.0,0.0,0.0,"""[\""FanBeauty\""]""","""[\""白檀香氛蓬蓬丰盈洗发水\""]""","{""FanBeauty"": ""正向""}","{""FanBeauty"": [""清洁控油"", ""高颅顶神器"", ""推荐""]}",True,True,FanBeauty
371,丰盈蓬松洗发水,小红薯momo,28,6660298d0000000015013fd6,229.0,没想到能这么蓬松！细软塌真的要试一试！！,video,#头发蓬松[话题]# #控油蓬松[话题]# #油头救星[话题]# #洗护好物[话题]# #offrelax洗发水[话题]# #蓬松洗发水[话题]# #好物分享[话题]# #高颅顶[话题]#,https://www.xiaohongshu.com/explore/6660298d0000000015013fd6?xsec_token=AByAe3pnpNLvEHyA6vqX-sFs9b93hpIHaZO7zIzG13Ux8=&xsec_source=pc_search,http://sns-video-bd.xhscdn.com/pre_post/1040g2t0313lj8n8thm004165g9esni6sihcrht0,"""http://sns-img-hw.xhscdn.com/1040g008313lja4ahhk004165g9esni6sl6rnsro!nd_dft_wlteh_jpg_3""","""头发蓬松,控油蓬松,油头救星,洗护好物,offrelax洗发水,蓬松洗发水,好物分享,高颅顶""",55fa9dcbb7ba224f1504c8dc,兰某猪,3370.0,1514.0,130.0,113.0,"""[\""offrelax\""]""","""[\""offrelax洗发水\""]""","{""offrelax"": ""正向""}","{""offrelax"": [""蓬松效果显著"", ""好物分享"", ""高颅顶""]}",True,True,offrelax
373,丰盈蓬松洗发水,小红薯momo,30,67aebfe30000000017038e75,230.0,DeepSeek锐评的18款洗发水，看强哥评价？,video,"欢迎收看人机大战（上）
	
﻿#deepseek[话题]#﻿ ﻿#深度测评DeepSeek[话题]#﻿ ﻿#洗头研究所[话题]#﻿ ﻿#洗发水测评[话题]#﻿ ﻿#控油洗发水油头[话题]#﻿",https://www.xiaohongshu.com/explore/67aebfe30000000017038e75?xsec_token=ABnFlsu-Uej_G4H__VK67C0sz0sTW3YPYJ7Pr1lPPh_iA=&xsec_source=pc_search,http://sns-video-bd.xhscdn.com/spectrum/1040g35831dsalvukh20g5nn1i2qg8h5kdg5t0q0,"""http://sns-img-hw.xhscdn.com/spectrum/1040g0k031dsao1nuh6005nn1i2qg8h5kcg960mg!nd_dft_wgth_jpg_3""","""deepseek,深度测评DeepSeek,洗头研究所,洗发水测评,控油洗发水油头""",5ee190b500000000010044b4,洗头研究所,2142.0,662.0,82.0,192.0,"""[\""DeepSeek\""]""","""[]""","{""DeepSeek"": ""中立""}","{""DeepSeek"": [""测评专业"", ""客观分析""]}",True,True,DeepSeek
374,丰盈蓬松洗发水,小红薯momo,31,6735c694000000001a037a50,231.0,细软塌常用洗发水分享—左滑看对比,normal,"以上根据季节和头发状态轮着用。[偷笑R]
💗卡诗粉色元气姜
无硅油，洗完头发轻盈蓬松，虽然无硅油，但是起泡量大，洗的过程中不涩、不扯头发。香味很舒服，不是姜味！！有柠檬，玫瑰，香根草的味道，和阿玛尼岩兰草的香调很接近。价格：500ml/400元
🤍卡诗白金
无硅油，起泡量小于粉色元气姜，洗发水香精味，但是味道比一般洗发水高级不呛鼻。虽然是无硅油，但是据说属于氨基酸洗发水，洗的过程也不会干涩扯头发。虽然宣传说是洗完头发蓬松，但是我感觉洗完头发是垂坠水润，不建议在夏天、或者湿度大的天气使用这款，否则头发会很贴。价格：500ml/400元
🖤卡诗黑钻
含硅油。黑钻的名字听起来就很高级，确实是属于卡诗中的高端洗护系列。香味也是非常高级有层次，比较明显的香调是玫瑰，白麝香，白花香。但是细软塌不太适合用这款，这个属于深层补水，加上含硅油，洗头头发过于滋润，头发会很贴头皮，不是油，就是太润太湿的感觉。我只会在头发特别干燥的情况下偶尔用一下。250ml/250元
💚资生堂芳芬头皮控油去屑
上头的时候凉飕飕的，有薄荷和雪松的味道，含水杨酸，适合夏天头皮痒、油的时候使用。由于是控油系列，洗的过程中有些干涩，需要用搭配护发素清洗减少拉扯导致的断发。250ml/130元
🤎棕吕/紫吕
起泡多，含硅油洗的时候不干涩，吹完蓬松。这是所有洗发水中性价比最高的一款。可以和其他贵价洗发水交替使用。400ml/79元
💚馥绿德雅小白珠防脱固发
无硅油，洗的时候很涩很涩，必须搭配护发素。味道和元气姜有点像，淡淡橘子味。防脱效果没感觉，但是洗完确实蓬松。必须与其他含硅油的交替洗，否则头发变得干涩，头皮也会由于太过干涩反而容易出油。600ml/398元
以上洗发水我都会无限回购，长期使用单一的洗发水，会觉得头发头皮免疫，没有最初使用的那种效果。而且我们的头皮状况在不同季节，不同身体状态下都不一样。所以为了发挥洗发水的最大效果，最好是轮着用。（这里的轮着使用不是一瓶开完用一瓶，而是可以同时开几种，然后交叉使用。）
☁️洗完即刻蓬松排名：馥绿德雅（即刻蓬松但易出油）>资生堂>粉色元气姜>吕（补充一个概念，蓬松不等于控油力度大）
💧滋润程度：黑钻>白金赋活>吕
🌹综合在我心中的排名为：卡诗粉色元气姜、紫吕、白金赋活、资生堂、黑钻、馥绿德雅。",https://www.xiaohongshu.com/explore/6735c694000000001a037a50?xsec_token=ABqWOeIg6nbobI_SNPytaCfnO0MIxElFQfgmoH0O0XzJQ=&xsec_source=pc_search,,"""http://sns-img-hw.xhscdn.com/1040g00831a66ngtr7c004bjs4vpsc07939a10c0!nd_dft_wgth_jpg_3,http://sns-img-hw.xhscdn.com/1040g00831ackcht6nc004bjs4vpsc079r2avkr8!nd_dft_wlteh_jpg_3,http://sns-img-hw.xhscdn.com/1040g00831ackcht6nc0g4bjs4vpsc079oehrvc0!nd_dft_wlteh_jpg_3,http://sns-img-hw.xhscdn.com/1040g00831abjvp65nc004bjs4vpsc079kjoih0g!nd_dft_wlteh_jpg_3""",,5bd173c644363b50047600e9,土豆土豆,1881.0,1016.0,182.0,117.0,"""[\""Kérastase\"",\""Shiseido\"",\""吕\"",\""Rene Furterer\""]""","""[\""卡诗粉色元气姜\"",\""卡诗白金\"",\""卡诗黑钻\"",\""资生堂芳芬头皮控油去屑\"",\""棕吕/紫吕\"",\""馥绿德雅小白珠防脱固发\""]""","{""Kérastase"": ""正向"", ""Shiseido"": ""正向"", ""吕"": ""正向"", ""Rene Furterer"": ""正向""}","{""Kérastase"": [""蓬松轻盈"", ""香味高级"", ""性价比高""], ""Shiseido"": [""控油去屑"", ""凉爽感""], ""吕"": [""性价比最高"", ""蓬松效果好""], ""Rene Furterer"": [""防脱固发"", ""即刻蓬松""]}",True,True,Kérastase
374,丰盈蓬松洗发水,小红薯momo,31,6735c694000000001a037a50,231.0,细软塌常用洗发水分享—左滑看对比,normal,"以上根据季节和头发状态轮着用。[偷笑R]
💗卡诗粉色元气姜
无硅油，洗完头发轻盈蓬松，虽然无硅油，但是起泡量大，洗的过程中不涩、不扯头发。香味很舒服，不是姜味！！有柠檬，玫瑰，香根草的味道，和阿玛尼岩兰草的香调很接近。价格：500ml/400元
🤍卡诗白金
无硅油，起泡量小于粉色元气姜，洗发水香精味，但是味道比一般洗发水高级不呛鼻。虽然是无硅油，但是据说属于氨基酸洗发水，洗的过程也不会干涩扯头发。虽然宣传说是洗完头发蓬松，但是我感觉洗完头发是垂坠水润，不建议在夏天、或者湿度大的天气使用这款，否则头发会很贴。价格：500ml/400元
🖤卡诗黑钻
含硅油。黑钻的名字听起来就很高级，确实是属于卡诗中的高端洗护系列。香味也是非常高级有层次，比较明显的香调是玫瑰，白麝香，白花香。但是细软塌不太适合用这款，这个属于深层补水，加上含硅油，洗头头发过于滋润，头发会很贴头皮，不是油，就是太润太湿的感觉。我只会在头发特别干燥的情况下偶尔用一下。250ml/250元
💚资生堂芳芬头皮控油去屑
上头的时候凉飕飕的，有薄荷和雪松的味道，含水杨酸，适合夏天头皮痒、油的时候使用。由于是控油系列，洗的过程中有些干涩，需要用搭配护发素清洗减少拉扯导致的断发。250ml/130元
🤎棕吕/紫吕
起泡多，含硅油洗的时候不干涩，吹完蓬松。这是所有洗发水中性价比最高的一款。可以和其他贵价洗发水交替使用。400ml/79元
💚馥绿德雅小白珠防脱固发
无硅油，洗的时候很涩很涩，必须搭配护发素。味道和元气姜有点像，淡淡橘子味。防脱效果没感觉，但是洗完确实蓬松。必须与其他含硅油的交替洗，否则头发变得干涩，头皮也会由于太过干涩反而容易出油。600ml/398元
以上洗发水我都会无限回购，长期使用单一的洗发水，会觉得头发头皮免疫，没有最初使用的那种效果。而且我们的头皮状况在不同季节，不同身体状态下都不一样。所以为了发挥洗发水的最大效果，最好是轮着用。（这里的轮着使用不是一瓶开完用一瓶，而是可以同时开几种，然后交叉使用。）
☁️洗完即刻蓬松排名：馥绿德雅（即刻蓬松但易出油）>资生堂>粉色元气姜>吕（补充一个概念，蓬松不等于控油力度大）
💧滋润程度：黑钻>白金赋活>吕
🌹综合在我心中的排名为：卡诗粉色元气姜、紫吕、白金赋活、资生堂、黑钻、馥绿德雅。",https://www.xiaohongshu.com/explore/6735c694000000001a037a50?xsec_token=ABqWOeIg6nbobI_SNPytaCfnO0MIxElFQfgmoH0O0XzJQ=&xsec_source=pc_search,,"""http://sns-img-hw.xhscdn.com/1040g00831a66ngtr7c004bjs4vpsc07939a10c0!nd_dft_wgth_jpg_3,http://sns-img-hw.xhscdn.com/1040g00831ackcht6nc004bjs4vpsc079r2avkr8!nd_dft_wlteh_jpg_3,http://sns-img-hw.xhscdn.com/1040g00831ackcht6nc0g4bjs4vpsc079oehrvc0!nd_dft_wlteh_jpg_3,http://sns-img-hw.xhscdn.com/1040g00831abjvp65nc004bjs4vpsc079kjoih0g!nd_dft_wlteh_jpg_3""",,5bd173c644363b50047600e9,土豆土豆,1881.0,1016.0,182.0,117.0,"""[\""Kérastase\"",\""Shiseido\"",\""吕\"",\""Rene Furterer\""]""","""[\""卡诗粉色元气姜\"",\""卡诗白金\"",\""卡诗黑钻\"",\""资生堂芳芬头皮控油去屑\"",\""棕吕/紫吕\"",\""馥绿德雅小白珠防脱固发\""]""","{""Kérastase"": ""正向"", ""Shiseido"": ""正向"", ""吕"": ""正向"", ""Rene Furterer"": ""正向""}","{""Kérastase"": [""蓬松轻盈"", ""香味高级"", ""性价比高""], ""Shiseido"": [""控油去屑"", ""凉爽感""], ""吕"": [""性价比最高"", ""蓬松效果好""], ""Rene Furterer"": [""防脱固发"", ""即刻蓬松""]}",True,True,Shiseido
374,丰盈蓬松洗发水,小红薯momo,31,6735c694000000001a037a50,231.0,细软塌常用洗发水分享—左滑看对比,normal,"以上根据季节和头发状态轮着用。[偷笑R]
💗卡诗粉色元气姜
无硅油，洗完头发轻盈蓬松，虽然无硅油，但是起泡量大，洗的过程中不涩、不扯头发。香味很舒服，不是姜味！！有柠檬，玫瑰，香根草的味道，和阿玛尼岩兰草的香调很接近。价格：500ml/400元
🤍卡诗白金
无硅油，起泡量小于粉色元气姜，洗发水香精味，但是味道比一般洗发水高级不呛鼻。虽然是无硅油，但是据说属于氨基酸洗发水，洗的过程也不会干涩扯头发。虽然宣传说是洗完头发蓬松，但是我感觉洗完头发是垂坠水润，不建议在夏天、或者湿度大的天气使用这款，否则头发会很贴。价格：500ml/400元
🖤卡诗黑钻
含硅油。黑钻的名字听起来就很高级，确实是属于卡诗中的高端洗护系列。香味也是非常高级有层次，比较明显的香调是玫瑰，白麝香，白花香。但是细软塌不太适合用这款，这个属于深层补水，加上含硅油，洗头头发过于滋润，头发会很贴头皮，不是油，就是太润太湿的感觉。我只会在头发特别干燥的情况下偶尔用一下。250ml/250元
💚资生堂芳芬头皮控油去屑
上头的时候凉飕飕的，有薄荷和雪松的味道，含水杨酸，适合夏天头皮痒、油的时候使用。由于是控油系列，洗的过程中有些干涩，需要用搭配护发素清洗减少拉扯导致的断发。250ml/130元
🤎棕吕/紫吕
起泡多，含硅油洗的时候不干涩，吹完蓬松。这是所有洗发水中性价比最高的一款。可以和其他贵价洗发水交替使用。400ml/79元
💚馥绿德雅小白珠防脱固发
无硅油，洗的时候很涩很涩，必须搭配护发素。味道和元气姜有点像，淡淡橘子味。防脱效果没感觉，但是洗完确实蓬松。必须与其他含硅油的交替洗，否则头发变得干涩，头皮也会由于太过干涩反而容易出油。600ml/398元
以上洗发水我都会无限回购，长期使用单一的洗发水，会觉得头发头皮免疫，没有最初使用的那种效果。而且我们的头皮状况在不同季节，不同身体状态下都不一样。所以为了发挥洗发水的最大效果，最好是轮着用。（这里的轮着使用不是一瓶开完用一瓶，而是可以同时开几种，然后交叉使用。）
☁️洗完即刻蓬松排名：馥绿德雅（即刻蓬松但易出油）>资生堂>粉色元气姜>吕（补充一个概念，蓬松不等于控油力度大）
💧滋润程度：黑钻>白金赋活>吕
🌹综合在我心中的排名为：卡诗粉色元气姜、紫吕、白金赋活、资生堂、黑钻、馥绿德雅。",https://www.xiaohongshu.com/explore/6735c694000000001a037a50?xsec_token=ABqWOeIg6nbobI_SNPytaCfnO0MIxElFQfgmoH0O0XzJQ=&xsec_source=pc_search,,"""http://sns-img-hw.xhscdn.com/1040g00831a66ngtr7c004bjs4vpsc07939a10c0!nd_dft_wgth_jpg_3,http://sns-img-hw.xhscdn.com/1040g00831ackcht6nc004bjs4vpsc079r2avkr8!nd_dft_wlteh_jpg_3,http://sns-img-hw.xhscdn.com/1040g00831ackcht6nc0g4bjs4vpsc079oehrvc0!nd_dft_wlteh_jpg_3,http://sns-img-hw.xhscdn.com/1040g00831abjvp65nc004bjs4vpsc079kjoih0g!nd_dft_wlteh_jpg_3""",,5bd173c644363b50047600e9,土豆土豆,1881.0,1016.0,182.0,117.0,"""[\""Kérastase\"",\""Shiseido\"",\""吕\"",\""Rene Furterer\""]""","""[\""卡诗粉色元气姜\"",\""卡诗白金\"",\""卡诗黑钻\"",\""资生堂芳芬头皮控油去屑\"",\""棕吕/紫吕\"",\""馥绿德雅小白珠防脱固发\""]""","{""Kérastase"": ""正向"", ""Shiseido"": ""正向"", ""吕"": ""正向"", ""Rene Furterer"": ""正向""}","{""Kérastase"": [""蓬松轻盈"", ""香味高级"", ""性价比高""], ""Shiseido"": [""控油去屑"", ""凉爽感""], ""吕"": [""性价比最高"", ""蓬松效果好""], ""Rene Furterer"": [""防脱固发"", ""即刻蓬松""]}",True,True,吕
374,丰盈蓬松洗发水,小红薯momo,31,6735c694000000001a037a50,231.0,细软塌常用洗发水分享—左滑看对比,normal,"以上根据季节和头发状态轮着用。[偷笑R]
💗卡诗粉色元气姜
无硅油，洗完头发轻盈蓬松，虽然无硅油，但是起泡量大，洗的过程中不涩、不扯头发。香味很舒服，不是姜味！！有柠檬，玫瑰，香根草的味道，和阿玛尼岩兰草的香调很接近。价格：500ml/400元
🤍卡诗白金
无硅油，起泡量小于粉色元气姜，洗发水香精味，但是味道比一般洗发水高级不呛鼻。虽然是无硅油，但是据说属于氨基酸洗发水，洗的过程也不会干涩扯头发。虽然宣传说是洗完头发蓬松，但是我感觉洗完头发是垂坠水润，不建议在夏天、或者湿度大的天气使用这款，否则头发会很贴。价格：500ml/400元
🖤卡诗黑钻
含硅油。黑钻的名字听起来就很高级，确实是属于卡诗中的高端洗护系列。香味也是非常高级有层次，比较明显的香调是玫瑰，白麝香，白花香。但是细软塌不太适合用这款，这个属于深层补水，加上含硅油，洗头头发过于滋润，头发会很贴头皮，不是油，就是太润太湿的感觉。我只会在头发特别干燥的情况下偶尔用一下。250ml/250元
💚资生堂芳芬头皮控油去屑
上头的时候凉飕飕的，有薄荷和雪松的味道，含水杨酸，适合夏天头皮痒、油的时候使用。由于是控油系列，洗的过程中有些干涩，需要用搭配护发素清洗减少拉扯导致的断发。250ml/130元
🤎棕吕/紫吕
起泡多，含硅油洗的时候不干涩，吹完蓬松。这是所有洗发水中性价比最高的一款。可以和其他贵价洗发水交替使用。400ml/79元
💚馥绿德雅小白珠防脱固发
无硅油，洗的时候很涩很涩，必须搭配护发素。味道和元气姜有点像，淡淡橘子味。防脱效果没感觉，但是洗完确实蓬松。必须与其他含硅油的交替洗，否则头发变得干涩，头皮也会由于太过干涩反而容易出油。600ml/398元
以上洗发水我都会无限回购，长期使用单一的洗发水，会觉得头发头皮免疫，没有最初使用的那种效果。而且我们的头皮状况在不同季节，不同身体状态下都不一样。所以为了发挥洗发水的最大效果，最好是轮着用。（这里的轮着使用不是一瓶开完用一瓶，而是可以同时开几种，然后交叉使用。）
☁️洗完即刻蓬松排名：馥绿德雅（即刻蓬松但易出油）>资生堂>粉色元气姜>吕（补充一个概念，蓬松不等于控油力度大）
💧滋润程度：黑钻>白金赋活>吕
🌹综合在我心中的排名为：卡诗粉色元气姜、紫吕、白金赋活、资生堂、黑钻、馥绿德雅。",https://www.xiaohongshu.com/explore/6735c694000000001a037a50?xsec_token=ABqWOeIg6nbobI_SNPytaCfnO0MIxElFQfgmoH0O0XzJQ=&xsec_source=pc_search,,"""http://sns-img-hw.xhscdn.com/1040g00831a66ngtr7c004bjs4vpsc07939a10c0!nd_dft_wgth_jpg_3,http://sns-img-hw.xhscdn.com/1040g00831ackcht6nc004bjs4vpsc079r2avkr8!nd_dft_wlteh_jpg_3,http://sns-img-hw.xhscdn.com/1040g00831ackcht6nc0g4bjs4vpsc079oehrvc0!nd_dft_wlteh_jpg_3,http://sns-img-hw.xhscdn.com/1040g00831abjvp65nc004bjs4vpsc079kjoih0g!nd_dft_wlteh_jpg_3""",,5bd173c644363b50047600e9,土豆土豆,1881.0,1016.0,182.0,117.0,"""[\""Kérastase\"",\""Shiseido\"",\""吕\"",\""Rene Furterer\""]""","""[\""卡诗粉色元气姜\"",\""卡诗白金\"",\""卡诗黑钻\"",\""资生堂芳芬头皮控油去屑\"",\""棕吕/紫吕\"",\""馥绿德雅小白珠防脱固发\""]""","{""Kérastase"": ""正向"", ""Shiseido"": ""正向"", ""吕"": ""正向"", ""Rene Furterer"": ""正向""}","{""Kérastase"": [""蓬松轻盈"", ""香味高级"", ""性价比高""], ""Shiseido"": [""控油去屑"", ""凉爽感""], ""吕"": [""性价比最高"", ""蓬松效果好""], ""Rene Furterer"": [""防脱固发"", ""即刻蓬松""]}",True,True,Rene Furterer
375,丰盈蓬松洗发水,小红薯momo,32,682c3eb90000000020028492,232.0,油头扁塌救星,normal,"关于油头软塌我有发言权
先说一下我自己的头发情况，也欢迎大家一起讨论分享❤️
我是个油头，本身的头发有些偏硬，发质整体并不干枯，按理发师的话说我的头发整体发质是比较好的，但发根偏油基本上洗完头隔一天必然会油，发根油的话，会导致头发扁塌贴头皮，我本身一直追求蓬松，头发蓬松会显得脸相对来说会小一点，整体的氛围感更好，市面上大部分有点名气的蓬松洗发水几乎我都尝试过，目前近期手上在用的就是这几瓶洗发水，已经使用过一段时间来做分享。
近期在我心中排行第一的综合水平最高的是图二最左侧胖东来的这瓶洗发水。🌟🌟🌟🌟🌟
这个洗发水洗下来头发并不会特别干，但是蓬松度是有的，并且他的起泡很容易，性价比相对来说也是比较高的，我是被我妈妈安利的，所以大家有机会能买到这瓶洗发水的话，我觉得可以试一试，味道也并不难闻，而且挤不用太多，他就可以很容易起泡
就蓬松度比较好的方面来说，我第二推荐的是living proof，🌟🌟🌟🌟，之前我买的是正常量的，后来换成了大容量，由此可见，我对他的蓬松度是比较满意的，但是他洗完的头发会比较干会容易打结，所以这个时候一定要配合发膜去使用。
来说说老网红Christophe robin，🌟🌟🌟
这个品牌我很早之前就使用过，当时他们家的头皮磨砂膏很有名，我也是用了磨砂膏之后发现蓬松度真的很好，但是也是这样一个问题，洗完之后头发会很干，并且它起泡是需要你自己慢慢揉搓的，所以并不方便。后来我就买了同品牌的洗发水，但洗发水的蓬松度没有那么高，而且也是会有干涩的问题，所以近期我就懒得再用了。
国货品牌这几年势头都比较猛，我入手了若也roye，这个洗发水刚买回来的时候觉得还是有用的，头发来说是有一些蓬松的，但是后来洗着洗着我发现他蓬松保持得很短，然后整体的容量也不是很多，所以性价比相对来说并不高。
revitalash这款洗发水它的味道挺好闻，有一些蓬松度，但同样的问题蓬松程度并不是非常好，而且他还是挺贵的，如果头发出油并不是特别严重，并且有预算，对于香味有要求的话，我觉得这款可以试试。
还有其他几瓶洗发水下篇再分享，后面几张是我卷发或直发的照片，已经尽量不让头发贴头皮了[笑哭R]#油头救星[话题]# #洗发水分享[话题]# #控油蓬松[话题]# #细软塌蓬松的秘密[话题]# #贴头皮救星[话题]#",https://www.xiaohongshu.com/explore/682c3eb90000000020028492?xsec_token=ABc5o4EfF0MRI_7v97ekSn93RRBM1DX83Azp5EQ_QF4i0=&xsec_source=pc_search,,"""http://sns-img-hw.xhscdn.com/notes_pre_post/1040g3k031hms2k4e3q1g401c50irja1gddq6hd8!nd_dft_wlteh_jpg_3,http://sns-img-hw.xhscdn.com/notes_pre_post/1040g3k031hms2k4e3q20401c50irja1g9cbpm58!nd_dft_wlteh_jpg_3,http://sns-img-hw.xhscdn.com/notes_pre_post/1040g3k031hms2k4e3q2g401c50irja1g95dsk9g!nd_dft_wlteh_jpg_3,http://sns-img-hw.xhscdn.com/notes_pre_post/1040g3k031hms2k4e3q30401c50irja1g6d13um0!nd_dft_wlteh_jpg_3,http://sns-img-hw.xhscdn.com/notes_pre_post/1040g3k031hms2k4e3q3g401c50irja1gnrbrld0!nd_dft_wlteh_jpg_3,http://sns-img-hw.xhscdn.com/1040g00831hmt3snpjo00401c50irja1g69696r8!nd_dft_wlteh_jpg_3""","""油头救星,洗发水分享,控油蓬松,细软塌蓬松的秘密,贴头皮救星""",54df25b9e779893335f9a830,锅盔妈妈,36.0,12.0,7.0,2.0,"""[\""胖东来\"",\""Living Proof\"",\""Christophe Robin\"",\""若也roye\"",\""Revitalash\""]""","""[\""胖东来洗发水\"",\""Living Proof洗发水\"",\""Christophe Robin洗发水\"",\""若也roye洗发水\"",\""Revitalash洗发水\""]""","{""胖东来"": ""正向"", ""Living Proof"": ""正向"", ""Christophe Robin"": ""中立"", ""若也roye"": ""负向"", ""Revitalash"": ""中立""}","{""胖东来"": [""综合水平最高"", ""性价比高"", ""易起泡""], ""Living Proof"": [""蓬松度满意"", ""需配合发膜""], ""Christophe Robin"": [""蓬松效果一般"", ""起泡不便""], ""若也roye"": [""性价比低"", ""效果短暂""], ""Revitalash"": [""香味好闻"", ""蓬松度一般""]}",True,True,胖东来
375,丰盈蓬松洗发水,小红薯momo,32,682c3eb90000000020028492,232.0,油头扁塌救星,normal,"关于油头软塌我有发言权
先说一下我自己的头发情况，也欢迎大家一起讨论分享❤️
我是个油头，本身的头发有些偏硬，发质整体并不干枯，按理发师的话说我的头发整体发质是比较好的，但发根偏油基本上洗完头隔一天必然会油，发根油的话，会导致头发扁塌贴头皮，我本身一直追求蓬松，头发蓬松会显得脸相对来说会小一点，整体的氛围感更好，市面上大部分有点名气的蓬松洗发水几乎我都尝试过，目前近期手上在用的就是这几瓶洗发水，已经使用过一段时间来做分享。
近期在我心中排行第一的综合水平最高的是图二最左侧胖东来的这瓶洗发水。🌟🌟🌟🌟🌟
这个洗发水洗下来头发并不会特别干，但是蓬松度是有的，并且他的起泡很容易，性价比相对来说也是比较高的，我是被我妈妈安利的，所以大家有机会能买到这瓶洗发水的话，我觉得可以试一试，味道也并不难闻，而且挤不用太多，他就可以很容易起泡
就蓬松度比较好的方面来说，我第二推荐的是living proof，🌟🌟🌟🌟，之前我买的是正常量的，后来换成了大容量，由此可见，我对他的蓬松度是比较满意的，但是他洗完的头发会比较干会容易打结，所以这个时候一定要配合发膜去使用。
来说说老网红Christophe robin，🌟🌟🌟
这个品牌我很早之前就使用过，当时他们家的头皮磨砂膏很有名，我也是用了磨砂膏之后发现蓬松度真的很好，但是也是这样一个问题，洗完之后头发会很干，并且它起泡是需要你自己慢慢揉搓的，所以并不方便。后来我就买了同品牌的洗发水，但洗发水的蓬松度没有那么高，而且也是会有干涩的问题，所以近期我就懒得再用了。
国货品牌这几年势头都比较猛，我入手了若也roye，这个洗发水刚买回来的时候觉得还是有用的，头发来说是有一些蓬松的，但是后来洗着洗着我发现他蓬松保持得很短，然后整体的容量也不是很多，所以性价比相对来说并不高。
revitalash这款洗发水它的味道挺好闻，有一些蓬松度，但同样的问题蓬松程度并不是非常好，而且他还是挺贵的，如果头发出油并不是特别严重，并且有预算，对于香味有要求的话，我觉得这款可以试试。
还有其他几瓶洗发水下篇再分享，后面几张是我卷发或直发的照片，已经尽量不让头发贴头皮了[笑哭R]#油头救星[话题]# #洗发水分享[话题]# #控油蓬松[话题]# #细软塌蓬松的秘密[话题]# #贴头皮救星[话题]#",https://www.xiaohongshu.com/explore/682c3eb90000000020028492?xsec_token=ABc5o4EfF0MRI_7v97ekSn93RRBM1DX83Azp5EQ_QF4i0=&xsec_source=pc_search,,"""http://sns-img-hw.xhscdn.com/notes_pre_post/1040g3k031hms2k4e3q1g401c50irja1gddq6hd8!nd_dft_wlteh_jpg_3,http://sns-img-hw.xhscdn.com/notes_pre_post/1040g3k031hms2k4e3q20401c50irja1g9cbpm58!nd_dft_wlteh_jpg_3,http://sns-img-hw.xhscdn.com/notes_pre_post/1040g3k031hms2k4e3q2g401c50irja1g95dsk9g!nd_dft_wlteh_jpg_3,http://sns-img-hw.xhscdn.com/notes_pre_post/1040g3k031hms2k4e3q30401c50irja1g6d13um0!nd_dft_wlteh_jpg_3,http://sns-img-hw.xhscdn.com/notes_pre_post/1040g3k031hms2k4e3q3g401c50irja1gnrbrld0!nd_dft_wlteh_jpg_3,http://sns-img-hw.xhscdn.com/1040g00831hmt3snpjo00401c50irja1g69696r8!nd_dft_wlteh_jpg_3""","""油头救星,洗发水分享,控油蓬松,细软塌蓬松的秘密,贴头皮救星""",54df25b9e779893335f9a830,锅盔妈妈,36.0,12.0,7.0,2.0,"""[\""胖东来\"",\""Living Proof\"",\""Christophe Robin\"",\""若也roye\"",\""Revitalash\""]""","""[\""胖东来洗发水\"",\""Living Proof洗发水\"",\""Christophe Robin洗发水\"",\""若也roye洗发水\"",\""Revitalash洗发水\""]""","{""胖东来"": ""正向"", ""Living Proof"": ""正向"", ""Christophe Robin"": ""中立"", ""若也roye"": ""负向"", ""Revitalash"": ""中立""}","{""胖东来"": [""综合水平最高"", ""性价比高"", ""易起泡""], ""Living Proof"": [""蓬松度满意"", ""需配合发膜""], ""Christophe Robin"": [""蓬松效果一般"", ""起泡不便""], ""若也roye"": [""性价比低"", ""效果短暂""], ""Revitalash"": [""香味好闻"", ""蓬松度一般""]}",True,True,Living Proof
375,丰盈蓬松洗发水,小红薯momo,32,682c3eb90000000020028492,232.0,油头扁塌救星,normal,"关于油头软塌我有发言权
先说一下我自己的头发情况，也欢迎大家一起讨论分享❤️
我是个油头，本身的头发有些偏硬，发质整体并不干枯，按理发师的话说我的头发整体发质是比较好的，但发根偏油基本上洗完头隔一天必然会油，发根油的话，会导致头发扁塌贴头皮，我本身一直追求蓬松，头发蓬松会显得脸相对来说会小一点，整体的氛围感更好，市面上大部分有点名气的蓬松洗发水几乎我都尝试过，目前近期手上在用的就是这几瓶洗发水，已经使用过一段时间来做分享。
近期在我心中排行第一的综合水平最高的是图二最左侧胖东来的这瓶洗发水。🌟🌟🌟🌟🌟
这个洗发水洗下来头发并不会特别干，但是蓬松度是有的，并且他的起泡很容易，性价比相对来说也是比较高的，我是被我妈妈安利的，所以大家有机会能买到这瓶洗发水的话，我觉得可以试一试，味道也并不难闻，而且挤不用太多，他就可以很容易起泡
就蓬松度比较好的方面来说，我第二推荐的是living proof，🌟🌟🌟🌟，之前我买的是正常量的，后来换成了大容量，由此可见，我对他的蓬松度是比较满意的，但是他洗完的头发会比较干会容易打结，所以这个时候一定要配合发膜去使用。
来说说老网红Christophe robin，🌟🌟🌟
这个品牌我很早之前就使用过，当时他们家的头皮磨砂膏很有名，我也是用了磨砂膏之后发现蓬松度真的很好，但是也是这样一个问题，洗完之后头发会很干，并且它起泡是需要你自己慢慢揉搓的，所以并不方便。后来我就买了同品牌的洗发水，但洗发水的蓬松度没有那么高，而且也是会有干涩的问题，所以近期我就懒得再用了。
国货品牌这几年势头都比较猛，我入手了若也roye，这个洗发水刚买回来的时候觉得还是有用的，头发来说是有一些蓬松的，但是后来洗着洗着我发现他蓬松保持得很短，然后整体的容量也不是很多，所以性价比相对来说并不高。
revitalash这款洗发水它的味道挺好闻，有一些蓬松度，但同样的问题蓬松程度并不是非常好，而且他还是挺贵的，如果头发出油并不是特别严重，并且有预算，对于香味有要求的话，我觉得这款可以试试。
还有其他几瓶洗发水下篇再分享，后面几张是我卷发或直发的照片，已经尽量不让头发贴头皮了[笑哭R]#油头救星[话题]# #洗发水分享[话题]# #控油蓬松[话题]# #细软塌蓬松的秘密[话题]# #贴头皮救星[话题]#",https://www.xiaohongshu.com/explore/682c3eb90000000020028492?xsec_token=ABc5o4EfF0MRI_7v97ekSn93RRBM1DX83Azp5EQ_QF4i0=&xsec_source=pc_search,,"""http://sns-img-hw.xhscdn.com/notes_pre_post/1040g3k031hms2k4e3q1g401c50irja1gddq6hd8!nd_dft_wlteh_jpg_3,http://sns-img-hw.xhscdn.com/notes_pre_post/1040g3k031hms2k4e3q20401c50irja1g9cbpm58!nd_dft_wlteh_jpg_3,http://sns-img-hw.xhscdn.com/notes_pre_post/1040g3k031hms2k4e3q2g401c50irja1g95dsk9g!nd_dft_wlteh_jpg_3,http://sns-img-hw.xhscdn.com/notes_pre_post/1040g3k031hms2k4e3q30401c50irja1g6d13um0!nd_dft_wlteh_jpg_3,http://sns-img-hw.xhscdn.com/notes_pre_post/1040g3k031hms2k4e3q3g401c50irja1gnrbrld0!nd_dft_wlteh_jpg_3,http://sns-img-hw.xhscdn.com/1040g00831hmt3snpjo00401c50irja1g69696r8!nd_dft_wlteh_jpg_3""","""油头救星,洗发水分享,控油蓬松,细软塌蓬松的秘密,贴头皮救星""",54df25b9e779893335f9a830,锅盔妈妈,36.0,12.0,7.0,2.0,"""[\""胖东来\"",\""Living Proof\"",\""Christophe Robin\"",\""若也roye\"",\""Revitalash\""]""","""[\""胖东来洗发水\"",\""Living Proof洗发水\"",\""Christophe Robin洗发水\"",\""若也roye洗发水\"",\""Revitalash洗发水\""]""","{""胖东来"": ""正向"", ""Living Proof"": ""正向"", ""Christophe Robin"": ""中立"", ""若也roye"": ""负向"", ""Revitalash"": ""中立""}","{""胖东来"": [""综合水平最高"", ""性价比高"", ""易起泡""], ""Living Proof"": [""蓬松度满意"", ""需配合发膜""], ""Christophe Robin"": [""蓬松效果一般"", ""起泡不便""], ""若也roye"": [""性价比低"", ""效果短暂""], ""Revitalash"": [""香味好闻"", ""蓬松度一般""]}",True,True,Christophe Robin
375,丰盈蓬松洗发水,小红薯momo,32,682c3eb90000000020028492,232.0,油头扁塌救星,normal,"关于油头软塌我有发言权
先说一下我自己的头发情况，也欢迎大家一起讨论分享❤️
我是个油头，本身的头发有些偏硬，发质整体并不干枯，按理发师的话说我的头发整体发质是比较好的，但发根偏油基本上洗完头隔一天必然会油，发根油的话，会导致头发扁塌贴头皮，我本身一直追求蓬松，头发蓬松会显得脸相对来说会小一点，整体的氛围感更好，市面上大部分有点名气的蓬松洗发水几乎我都尝试过，目前近期手上在用的就是这几瓶洗发水，已经使用过一段时间来做分享。
近期在我心中排行第一的综合水平最高的是图二最左侧胖东来的这瓶洗发水。🌟🌟🌟🌟🌟
这个洗发水洗下来头发并不会特别干，但是蓬松度是有的，并且他的起泡很容易，性价比相对来说也是比较高的，我是被我妈妈安利的，所以大家有机会能买到这瓶洗发水的话，我觉得可以试一试，味道也并不难闻，而且挤不用太多，他就可以很容易起泡
就蓬松度比较好的方面来说，我第二推荐的是living proof，🌟🌟🌟🌟，之前我买的是正常量的，后来换成了大容量，由此可见，我对他的蓬松度是比较满意的，但是他洗完的头发会比较干会容易打结，所以这个时候一定要配合发膜去使用。
来说说老网红Christophe robin，🌟🌟🌟
这个品牌我很早之前就使用过，当时他们家的头皮磨砂膏很有名，我也是用了磨砂膏之后发现蓬松度真的很好，但是也是这样一个问题，洗完之后头发会很干，并且它起泡是需要你自己慢慢揉搓的，所以并不方便。后来我就买了同品牌的洗发水，但洗发水的蓬松度没有那么高，而且也是会有干涩的问题，所以近期我就懒得再用了。
国货品牌这几年势头都比较猛，我入手了若也roye，这个洗发水刚买回来的时候觉得还是有用的，头发来说是有一些蓬松的，但是后来洗着洗着我发现他蓬松保持得很短，然后整体的容量也不是很多，所以性价比相对来说并不高。
revitalash这款洗发水它的味道挺好闻，有一些蓬松度，但同样的问题蓬松程度并不是非常好，而且他还是挺贵的，如果头发出油并不是特别严重，并且有预算，对于香味有要求的话，我觉得这款可以试试。
还有其他几瓶洗发水下篇再分享，后面几张是我卷发或直发的照片，已经尽量不让头发贴头皮了[笑哭R]#油头救星[话题]# #洗发水分享[话题]# #控油蓬松[话题]# #细软塌蓬松的秘密[话题]# #贴头皮救星[话题]#",https://www.xiaohongshu.com/explore/682c3eb90000000020028492?xsec_token=ABc5o4EfF0MRI_7v97ekSn93RRBM1DX83Azp5EQ_QF4i0=&xsec_source=pc_search,,"""http://sns-img-hw.xhscdn.com/notes_pre_post/1040g3k031hms2k4e3q1g401c50irja1gddq6hd8!nd_dft_wlteh_jpg_3,http://sns-img-hw.xhscdn.com/notes_pre_post/1040g3k031hms2k4e3q20401c50irja1g9cbpm58!nd_dft_wlteh_jpg_3,http://sns-img-hw.xhscdn.com/notes_pre_post/1040g3k031hms2k4e3q2g401c50irja1g95dsk9g!nd_dft_wlteh_jpg_3,http://sns-img-hw.xhscdn.com/notes_pre_post/1040g3k031hms2k4e3q30401c50irja1g6d13um0!nd_dft_wlteh_jpg_3,http://sns-img-hw.xhscdn.com/notes_pre_post/1040g3k031hms2k4e3q3g401c50irja1gnrbrld0!nd_dft_wlteh_jpg_3,http://sns-img-hw.xhscdn.com/1040g00831hmt3snpjo00401c50irja1g69696r8!nd_dft_wlteh_jpg_3""","""油头救星,洗发水分享,控油蓬松,细软塌蓬松的秘密,贴头皮救星""",54df25b9e779893335f9a830,锅盔妈妈,36.0,12.0,7.0,2.0,"""[\""胖东来\"",\""Living Proof\"",\""Christophe Robin\"",\""若也roye\"",\""Revitalash\""]""","""[\""胖东来洗发水\"",\""Living Proof洗发水\"",\""Christophe Robin洗发水\"",\""若也roye洗发水\"",\""Revitalash洗发水\""]""","{""胖东来"": ""正向"", ""Living Proof"": ""正向"", ""Christophe Robin"": ""中立"", ""若也roye"": ""负向"", ""Revitalash"": ""中立""}","{""胖东来"": [""综合水平最高"", ""性价比高"", ""易起泡""], ""Living Proof"": [""蓬松度满意"", ""需配合发膜""], ""Christophe Robin"": [""蓬松效果一般"", ""起泡不便""], ""若也roye"": [""性价比低"", ""效果短暂""], ""Revitalash"": [""香味好闻"", ""蓬松度一般""]}",True,True,若也roye
375,丰盈蓬松洗发水,小红薯momo,32,682c3eb90000000020028492,232.0,油头扁塌救星,normal,"关于油头软塌我有发言权
先说一下我自己的头发情况，也欢迎大家一起讨论分享❤️
我是个油头，本身的头发有些偏硬，发质整体并不干枯，按理发师的话说我的头发整体发质是比较好的，但发根偏油基本上洗完头隔一天必然会油，发根油的话，会导致头发扁塌贴头皮，我本身一直追求蓬松，头发蓬松会显得脸相对来说会小一点，整体的氛围感更好，市面上大部分有点名气的蓬松洗发水几乎我都尝试过，目前近期手上在用的就是这几瓶洗发水，已经使用过一段时间来做分享。
近期在我心中排行第一的综合水平最高的是图二最左侧胖东来的这瓶洗发水。🌟🌟🌟🌟🌟
这个洗发水洗下来头发并不会特别干，但是蓬松度是有的，并且他的起泡很容易，性价比相对来说也是比较高的，我是被我妈妈安利的，所以大家有机会能买到这瓶洗发水的话，我觉得可以试一试，味道也并不难闻，而且挤不用太多，他就可以很容易起泡
就蓬松度比较好的方面来说，我第二推荐的是living proof，🌟🌟🌟🌟，之前我买的是正常量的，后来换成了大容量，由此可见，我对他的蓬松度是比较满意的，但是他洗完的头发会比较干会容易打结，所以这个时候一定要配合发膜去使用。
来说说老网红Christophe robin，🌟🌟🌟
这个品牌我很早之前就使用过，当时他们家的头皮磨砂膏很有名，我也是用了磨砂膏之后发现蓬松度真的很好，但是也是这样一个问题，洗完之后头发会很干，并且它起泡是需要你自己慢慢揉搓的，所以并不方便。后来我就买了同品牌的洗发水，但洗发水的蓬松度没有那么高，而且也是会有干涩的问题，所以近期我就懒得再用了。
国货品牌这几年势头都比较猛，我入手了若也roye，这个洗发水刚买回来的时候觉得还是有用的，头发来说是有一些蓬松的，但是后来洗着洗着我发现他蓬松保持得很短，然后整体的容量也不是很多，所以性价比相对来说并不高。
revitalash这款洗发水它的味道挺好闻，有一些蓬松度，但同样的问题蓬松程度并不是非常好，而且他还是挺贵的，如果头发出油并不是特别严重，并且有预算，对于香味有要求的话，我觉得这款可以试试。
还有其他几瓶洗发水下篇再分享，后面几张是我卷发或直发的照片，已经尽量不让头发贴头皮了[笑哭R]#油头救星[话题]# #洗发水分享[话题]# #控油蓬松[话题]# #细软塌蓬松的秘密[话题]# #贴头皮救星[话题]#",https://www.xiaohongshu.com/explore/682c3eb90000000020028492?xsec_token=ABc5o4EfF0MRI_7v97ekSn93RRBM1DX83Azp5EQ_QF4i0=&xsec_source=pc_search,,"""http://sns-img-hw.xhscdn.com/notes_pre_post/1040g3k031hms2k4e3q1g401c50irja1gddq6hd8!nd_dft_wlteh_jpg_3,http://sns-img-hw.xhscdn.com/notes_pre_post/1040g3k031hms2k4e3q20401c50irja1g9cbpm58!nd_dft_wlteh_jpg_3,http://sns-img-hw.xhscdn.com/notes_pre_post/1040g3k031hms2k4e3q2g401c50irja1g95dsk9g!nd_dft_wlteh_jpg_3,http://sns-img-hw.xhscdn.com/notes_pre_post/1040g3k031hms2k4e3q30401c50irja1g6d13um0!nd_dft_wlteh_jpg_3,http://sns-img-hw.xhscdn.com/notes_pre_post/1040g3k031hms2k4e3q3g401c50irja1gnrbrld0!nd_dft_wlteh_jpg_3,http://sns-img-hw.xhscdn.com/1040g00831hmt3snpjo00401c50irja1g69696r8!nd_dft_wlteh_jpg_3""","""油头救星,洗发水分享,控油蓬松,细软塌蓬松的秘密,贴头皮救星""",54df25b9e779893335f9a830,锅盔妈妈,36.0,12.0,7.0,2.0,"""[\""胖东来\"",\""Living Proof\"",\""Christophe Robin\"",\""若也roye\"",\""Revitalash\""]""","""[\""胖东来洗发水\"",\""Living Proof洗发水\"",\""Christophe Robin洗发水\"",\""若也roye洗发水\"",\""Revitalash洗发水\""]""","{""胖东来"": ""正向"", ""Living Proof"": ""正向"", ""Christophe Robin"": ""中立"", ""若也roye"": ""负向"", ""Revitalash"": ""中立""}","{""胖东来"": [""综合水平最高"", ""性价比高"", ""易起泡""], ""Living Proof"": [""蓬松度满意"", ""需配合发膜""], ""Christophe Robin"": [""蓬松效果一般"", ""起泡不便""], ""若也roye"": [""性价比低"", ""效果短暂""], ""Revitalash"": [""香味好闻"", ""蓬松度一般""]}",True,True,Revitalash
377,丰盈蓬松洗发水,小红薯momo,34,67ff617e000000001c0124dd,234.0,洗完直接解放双手三天！油扁塌有救了,video,#spes多肽蓬蓬瓶[话题]# #spes多肽精华洗发水[话题]# #控油蓬松我来评[话题]# #天猫小黑盒[话题]# #天猫小黑盒超级新品日[话题]#,https://www.xiaohongshu.com/explore/67ff617e000000001c0124dd?xsec_token=AB0HzqGQN-wywR-ScNp0JwFbvplzUyqYxBf26OzKT71vY=&xsec_source=pc_search,http://sns-video-bd.xhscdn.com/pre_post/1040g0cg31gb2qi8e34005nmlkvp08gnh6rpaov8,"""http://sns-img-hw.xhscdn.com/1040g00831gb2sl2s34005nmlkvp08gnh11krn88!nd_dft_wlteh_jpg_3""","""spes多肽蓬蓬瓶,spes多肽精华洗发水,控油蓬松我来评,天猫小黑盒,天猫小黑盒超级新品日""",5ed5a7f200000000010042f1,六豆妈（重生版）,762.0,306.0,36.0,18.0,"""[\""spes\""]""","""[\""spes多肽蓬蓬瓶\"",\""spes多肽精华洗发水\""]""","{""spes"": ""正向""}","{""spes多肽蓬蓬瓶"": [""控油"", ""蓬松"", ""新品推荐""], ""spes多肽精华洗发水"": [""持久清爽"", ""高颅顶效果""]}",True,True,spes
378,丰盈蓬松洗发水,小红薯momo,35,683d71e1000000002100389a,235.0,"歌原洗发水，汲取纯净之力。洗后发丝丰盈蓬松，根根挺立，轻松塑造视觉高颅顶，秀发品质卓然出众！**
**解析：**
1.  **点题：** 开头点明品牌“高原洗发水”，暗示天然纯净。
2.  **核心效果：** “丰盈蓬松”、“根根挺立”直接说明洗后效果，为“高颅顶”铺垫。
3.  **核心卖点：** “轻松塑造视觉高颅顶”紧扣要求，点明核心利益。
4.  **品质提升：** “秀发品质卓然出众”提升产品形象。",video,"歌原洗发水，汲取纯净之力。洗后发丝丰盈蓬松，根根挺立，轻松塑造视觉高颅顶，秀发品质卓然出众！**
**解析：**
1.  **点题：** 开头点明品牌“高原洗发水”，暗示天然纯净。
2.  **核心效果：** “丰盈蓬松”、“根根挺立”直接说明洗后效果，为“高颅顶”铺垫。
3.  **核心卖点：** “轻松塑造视觉高颅顶”紧扣要求，点明核心利益。
4.  **品质提升：** “秀发品质卓然出众”提升产品形象。",https://www.xiaohongshu.com/explore/683d71e1000000002100389a?xsec_token=ABIEB4tQplS-Ck5yCFQdfX8dxRZs9mAxgF1ukPn3aQHxI=&xsec_source=pc_search,http://sns-video-bd.xhscdn.com/pre_post/1040g0cg31i7mcknfn8605q1l3ja7am7ki6io7v8,"""http://sns-img-hw.xhscdn.com/1040g00831i7m9rfj78605q1l3ja7am7k2i7qj9g!nd_dft_wlteh_jpg_3""",,68351cd4000000001d0158f4,奥尔玽，歌原琼芳姐💝💝,0.0,1.0,0.0,0.0,"""[\""歌原\""]""","""[\""歌原洗发水\""]""","{""歌原"": ""正向""}","{""歌原"": [""丰盈蓬松"", ""品质出众"", ""视觉高颅顶""]}",True,True,歌原
379,丰盈蓬松洗发水,小红薯momo,36,68258fe5000000001101ca9f,236.0,姐妹们 胖东来这个洗发水一定要买,normal,这是什么神仙洗发水，每次洗完头发都忍不住分享给大家。洗完头发之后就是像小孩子的头发那样蓬松柔顺。洗完吹干 头发从内到外都顺滑，抚平毛躁，很垂，而且味道淡香。虽然是蓬松系列的，但是我用了几次后头皮屑也没了，真的超赞#好用的洗发水推荐[话题]# #超赞的洗发水[话题]# #蓬松洗发水分享[话题]#,https://www.xiaohongshu.com/explore/68258fe5000000001101ca9f?xsec_token=ABoXtBszHbb6zbtvMkRhJK_W2GdedRzqXoTa3ZT7InHJQ=&xsec_source=pc_search,,"""http://sns-img-hw.xhscdn.com/notes_pre_post/1040g3k831hgbo4rqjie05n4be9c4g96smtjgq78!nd_dft_wlteh_jpg_3,http://sns-img-hw.xhscdn.com/notes_pre_post/1040g3k831hgbo4rqjieg5n4be9c4g96sd70luq8!nd_dft_wlteh_jpg_3""","""好用的洗发水推荐,超赞的洗发水,蓬松洗发水分享""",5c8b725800000000120024dc,CC,100.0,48.0,19.0,14.0,"""[\""胖东来\""]""","""[\""胖东来洗发水\""]""","{""胖东来"": ""正向""}","{""胖东来"": [""超赞"", ""蓬松柔顺"", ""去屑效果""]}",True,True,胖东来
381,丰盈蓬松洗发水,小红薯momo,38,67889b84000000001900613d,237.0,平平无奇的使用反馈,normal,"本来纯纯是为了支持代言买的，没有什么期望，没想到有点惊喜
味道：超级好闻，味道没有想象中的大，很像以前吃过的玫瑰饼干
本人发质：基本两天就会很油，细软塌，头皮还会有点敏感[哭惹R]buff叠满
洗完：很蓬松[哇R]
洗完头第二天把头发扎起来我自己看着都有点想笑，小碎毛乱飞[捂脸R]
目前第三天会有点出油了，但是比平时好太多了[哭惹R]
#半亩花田[话题]#",https://www.xiaohongshu.com/explore/67889b84000000001900613d?xsec_token=ABXVjuTgTATArp4MqMb_DsVQk70oIi3KWj7EqI_gKIQ_Q=&xsec_source=pc_search,,"""http://sns-img-hw.xhscdn.com/1040g00831cn379v6gu6g5o1d05vg8uh7rjs504g!nd_dft_wlteh_jpg_3,http://sns-img-hw.xhscdn.com/1040g00831cn379v6gu605o1d05vg8uh7jodnebg!nd_dft_wgth_jpg_3""","""半亩花田""",602d017f0000000001007a27,momo,347.0,45.0,157.0,17.0,"""[\""半亩花田\""]""","""[]""","{""半亩花田"": ""正向""}","{""半亩花田"": [""味道好闻"", ""蓬松效果好"", ""控油效果提升""]}",True,True,半亩花田
383,丰盈蓬松洗发水,小红薯momo,40,680f8a3e00000000090394d5,238.0,新入坑的洗发水,normal,"#洗发水红榜[话题]# #洗发水测评[话题]#
1是施华蔻的小粉瓶，洗后微膨松，头发不干涩，没有头皮屑，头皮不会痒，挺好用的。可入坑。
2是欧莱雅的小紫瓶，洗后头发不干涩，膨松感一般，没有起头皮屑，不痒。但是小贵不耐用，半个月就用掉了半瓶。才400ml。谨慎入坑。
3是清扬的，刚到货，后续来追评。用欧莱雅感觉都得省着用，买支大的清扬感觉没那么贵，不那么心疼。
备注：不知道自己合不合适的小伙伴，可以去局屈臣氏领试用，或者上网买100ml的试用装，试了再上正装啊！",https://www.xiaohongshu.com/explore/680f8a3e00000000090394d5?xsec_token=ABQqpklVmeYkbplhM3UOqohjYui5QbcGoljBCyC--qemc=&xsec_source=pc_search,,"""http://sns-img-hw.xhscdn.com/notes_pre_post/1040g3k031gqrhkfj3i6040rcnjgmk13q8niik5o!nd_dft_wgth_jpg_3,http://sns-img-hw.xhscdn.com/notes_pre_post/1040g3k031gqrhkfj3i5040rcnjgmk13qm4ccuu8!nd_dft_wlteh_jpg_3""","""洗发水红榜,洗发水测评""",5584e16a484fb66ce26b047a,为你点赞吖,173.0,37.0,57.0,7.0,"""[\""施华蔻\"",\""欧莱雅\"",\""清扬\""]""","""[\""施华蔻小粉瓶\"",\""欧莱雅小紫瓶\""]""","{""施华蔻"": ""正向"", ""欧莱雅"": ""中立"", ""清扬"": ""中立""}","{""施华蔻"": [""微膨松"", ""无头皮屑"", ""不干涩""], ""欧莱雅"": [""膨松感一般"", ""价格偏高"", ""消耗快""], ""清扬"": [""性价比高"", ""建议试用装""]}",True,True,施华蔻
383,丰盈蓬松洗发水,小红薯momo,40,680f8a3e00000000090394d5,238.0,新入坑的洗发水,normal,"#洗发水红榜[话题]# #洗发水测评[话题]#
1是施华蔻的小粉瓶，洗后微膨松，头发不干涩，没有头皮屑，头皮不会痒，挺好用的。可入坑。
2是欧莱雅的小紫瓶，洗后头发不干涩，膨松感一般，没有起头皮屑，不痒。但是小贵不耐用，半个月就用掉了半瓶。才400ml。谨慎入坑。
3是清扬的，刚到货，后续来追评。用欧莱雅感觉都得省着用，买支大的清扬感觉没那么贵，不那么心疼。
备注：不知道自己合不合适的小伙伴，可以去局屈臣氏领试用，或者上网买100ml的试用装，试了再上正装啊！",https://www.xiaohongshu.com/explore/680f8a3e00000000090394d5?xsec_token=ABQqpklVmeYkbplhM3UOqohjYui5QbcGoljBCyC--qemc=&xsec_source=pc_search,,"""http://sns-img-hw.xhscdn.com/notes_pre_post/1040g3k031gqrhkfj3i6040rcnjgmk13q8niik5o!nd_dft_wgth_jpg_3,http://sns-img-hw.xhscdn.com/notes_pre_post/1040g3k031gqrhkfj3i5040rcnjgmk13qm4ccuu8!nd_dft_wlteh_jpg_3""","""洗发水红榜,洗发水测评""",5584e16a484fb66ce26b047a,为你点赞吖,173.0,37.0,57.0,7.0,"""[\""施华蔻\"",\""欧莱雅\"",\""清扬\""]""","""[\""施华蔻小粉瓶\"",\""欧莱雅小紫瓶\""]""","{""施华蔻"": ""正向"", ""欧莱雅"": ""中立"", ""清扬"": ""中立""}","{""施华蔻"": [""微膨松"", ""无头皮屑"", ""不干涩""], ""欧莱雅"": [""膨松感一般"", ""价格偏高"", ""消耗快""], ""清扬"": [""性价比高"", ""建议试用装""]}",True,True,欧莱雅
383,丰盈蓬松洗发水,小红薯momo,40,680f8a3e00000000090394d5,238.0,新入坑的洗发水,normal,"#洗发水红榜[话题]# #洗发水测评[话题]#
1是施华蔻的小粉瓶，洗后微膨松，头发不干涩，没有头皮屑，头皮不会痒，挺好用的。可入坑。
2是欧莱雅的小紫瓶，洗后头发不干涩，膨松感一般，没有起头皮屑，不痒。但是小贵不耐用，半个月就用掉了半瓶。才400ml。谨慎入坑。
3是清扬的，刚到货，后续来追评。用欧莱雅感觉都得省着用，买支大的清扬感觉没那么贵，不那么心疼。
备注：不知道自己合不合适的小伙伴，可以去局屈臣氏领试用，或者上网买100ml的试用装，试了再上正装啊！",https://www.xiaohongshu.com/explore/680f8a3e00000000090394d5?xsec_token=ABQqpklVmeYkbplhM3UOqohjYui5QbcGoljBCyC--qemc=&xsec_source=pc_search,,"""http://sns-img-hw.xhscdn.com/notes_pre_post/1040g3k031gqrhkfj3i6040rcnjgmk13q8niik5o!nd_dft_wgth_jpg_3,http://sns-img-hw.xhscdn.com/notes_pre_post/1040g3k031gqrhkfj3i5040rcnjgmk13qm4ccuu8!nd_dft_wlteh_jpg_3""","""洗发水红榜,洗发水测评""",5584e16a484fb66ce26b047a,为你点赞吖,173.0,37.0,57.0,7.0,"""[\""施华蔻\"",\""欧莱雅\"",\""清扬\""]""","""[\""施华蔻小粉瓶\"",\""欧莱雅小紫瓶\""]""","{""施华蔻"": ""正向"", ""欧莱雅"": ""中立"", ""清扬"": ""中立""}","{""施华蔻"": [""微膨松"", ""无头皮屑"", ""不干涩""], ""欧莱雅"": [""膨松感一般"", ""价格偏高"", ""消耗快""], ""清扬"": [""性价比高"", ""建议试用装""]}",True,True,清扬
387,丰盈蓬松洗发水,小红薯momo,44,6819e5820000000023015e71,239.0,胖某来都避开的这几个，你家还有吗?怪不得头发少! #洗发水[话题]# #胖东来[话题]# #尤也海盐[话题]# #控油蓬松[话题]#,video,胖某来都避开的这几个，你家还有吗?怪不得头发少! #洗发水[话题]# #胖东来[话题]# #尤也海盐[话题]# #控油蓬松[话题]#,https://www.xiaohongshu.com/explore/6819e5820000000023015e71?xsec_token=ABwPewWfx_YSV3aZxoIOZKezfrJsflUh26OmxVY9naqNc=&xsec_source=pc_search,http://sns-video-bd.xhscdn.com/pre_post/1040g2t031h4vfv15k2005pldrsi7e4kggbnd68g,"""http://sns-img-hw.xhscdn.com/1040g00831h4vfv9038005pldrsi7e4kgqho5g48!nd_dft_wlteh_jpg_3""","""洗发水,胖东来,尤也海盐,控油蓬松""",66addf24000000001d031290,阿彻学姐,42.0,11.0,4.0,2.0,"""[\""胖东来\"",\""尤也海盐\""]""","""[]""","{""胖东来"": ""中立"", ""尤也海盐"": ""中立""}","{""胖东来"": [""避雷建议""], ""尤也海盐"": [""控油蓬松""]}",True,True,胖东来
387,丰盈蓬松洗发水,小红薯momo,44,6819e5820000000023015e71,239.0,胖某来都避开的这几个，你家还有吗?怪不得头发少! #洗发水[话题]# #胖东来[话题]# #尤也海盐[话题]# #控油蓬松[话题]#,video,胖某来都避开的这几个，你家还有吗?怪不得头发少! #洗发水[话题]# #胖东来[话题]# #尤也海盐[话题]# #控油蓬松[话题]#,https://www.xiaohongshu.com/explore/6819e5820000000023015e71?xsec_token=ABwPewWfx_YSV3aZxoIOZKezfrJsflUh26OmxVY9naqNc=&xsec_source=pc_search,http://sns-video-bd.xhscdn.com/pre_post/1040g2t031h4vfv15k2005pldrsi7e4kggbnd68g,"""http://sns-img-hw.xhscdn.com/1040g00831h4vfv9038005pldrsi7e4kgqho5g48!nd_dft_wlteh_jpg_3""","""洗发水,胖东来,尤也海盐,控油蓬松""",66addf24000000001d031290,阿彻学姐,42.0,11.0,4.0,2.0,"""[\""胖东来\"",\""尤也海盐\""]""","""[]""","{""胖东来"": ""中立"", ""尤也海盐"": ""中立""}","{""胖东来"": [""避雷建议""], ""尤也海盐"": [""控油蓬松""]}",True,True,尤也海盐
389,丰盈蓬松洗发水,小红薯momo,46,6635021b000000001e03894d,241.0,施华蔻丰盈韧养洗发水体验,normal,假期没有洗发水，家里的不太想用，三天没洗头的我去超市临时买了一瓶洗发水，一般我都用沙龙洗发水的，超市品牌洗发水不太会使用，因为大油头扁塌的厉害，选择了这一款据说可以让头发蓬松起来的产品。味道还挺好闻，但是我没有买护发素，所以非香芬洗发水不太会持久留香，无花果香算是我喜欢的清淡果香，洗发水粉色的很漂亮，洗发液体粉色透明感，起泡很好，洗完易冲洗，头发会有很干爽的效果，吹干头发半成干，头顶就有蓬松感，发量很容易起蓬，擦了摩洛哥护发油，就是那种既滋润又干爽的质地，据说这款洗发水洗的掉头发，可能我平时掉发也很多，目前还没明显发现脱发严重，第一次使用，不知道油头可以撑几天，之后来反馈，总之丰盈效果洗发水来说，还算OK。,https://www.xiaohongshu.com/explore/6635021b000000001e03894d?xsec_token=ABGEnXfCGEQzMlMRfA_JBkXBS1ngPmy4H-SkKpLIVsgzQ=&xsec_source=pc_search,,"""http://sns-img-hw.xhscdn.com/1040g008312beo1jg1o0048epc7m9ptplh3u6qto!nd_dft_wlteh_jpg_3,http://sns-img-hw.xhscdn.com/1040g008312beo1jg1o1048epc7m9ptpl5tufdgo!nd_dft_wlteh_jpg_3""",,57562c9c6a6a696aa33df735,南雅,31.0,11.0,16.0,5.0,"""[\""施华蔻\""]""","""[\""施华蔻丰盈韧养洗发水\""]""","{""施华蔻"": ""正向""}","{""施华蔻"": [""起泡好"", ""干爽效果"", ""发量蓬松"", ""可能控脱发""]}",True,True,施华蔻
390,丰盈蓬松洗发水,小红薯momo,47,681183320000000021008b04,242.0,跟着徐艺洋入的,normal,"感谢徐艺洋，终于找到一个能让我洗完拥有三天高颅顶的洗发水了！也不知道我头发怎么油这么快😭这个真的效果巨🐮起泡也很快！往头上随便一搓就起好多泡泡巨绵密，它的香味也是我爱的，香香嘟～
#洗发水推荐[话题]# #油头救星[话题]# #细软塌福音[话题]# #高颅顶秘籍[话题]# #洗发水控油蓬松[话题]##徐艺洋[话题]#",https://www.xiaohongshu.com/explore/681183320000000021008b04?xsec_token=ABjAkU1oioKIEqco4HYddmGPbcPfh_EsMYlUCSOZ-K7DA=&xsec_source=pc_search,,"""http://sns-img-hw.xhscdn.com/notes_pre_post/1040g3k031gspg6tuju005n9h43ekcnsl17lqmgo!nd_dft_wlteh_jpg_3,http://sns-img-hw.xhscdn.com/notes_pre_post/1040g3k031gspg6tuju0g5n9h43ekcnslte3066g!nd_dft_wlteh_jpg_3,http://sns-img-hw.xhscdn.com/notes_pre_post/1040g3k031gspg6tuju105n9h43ekcnslpje6bdo!nd_dft_wlteh_jpg_3""","""洗发水推荐,油头救星,细软塌福音,高颅顶秘籍,洗发水控油蓬松,徐艺洋""",5d3120dd0000000011025f95,露露,176.0,53.0,24.0,11.0,"""[\""徐艺洋代言品牌\""]""","""[]""","{""徐艺洋代言品牌"": ""正向""}","{""徐艺洋代言品牌"": [""控油效果显著"", ""蓬松感强"", ""香味宜人""]}",True,True,徐艺洋代言品牌
391,丰盈蓬松洗发水,小红薯momo,48,682eb363000000002301d789,243.0,不愧是山姆销量第一的洗发水，洗完巨蓬松,normal,山姆的洗发水我基本都尝试了一遍，踩雷过两款，其他的都还可以，多芬性价比真的很高，适合细软发质，洗完头发巨蓬松，今天第三天还是很蓬#洗发露[话题]# #山姆洗发水[话题]#,https://www.xiaohongshu.com/explore/682eb363000000002301d789?xsec_token=ABbuh-n7z5JY3TJH0YWJaaXE-a_NSvjmga_dTfBXHVjSo=&xsec_source=pc_search,,"""http://sns-img-hw.xhscdn.com/notes_pre_post/1040g3k831hp9htpjk20g400a8pjka5mihsu0468!nd_dft_wlteh_jpg_3""","""洗发露,山姆洗发水""",5430a745d6e4a913b4c416d2,S姐姐,2.0,0.0,14.0,0.0,"""[\""多芬\""]""","""[\""多芬洗发水\""]""","{""多芬"": ""正向""}","{""多芬"": [""巨蓬松"", ""性价比高"", ""适合细软发质""]}",True,True,多芬
392,丰盈蓬松洗发水,小红薯momo,49,673200d0000000003c018ca0,244.0,卡诗洗发水测评,normal,"被小红薯的姐妹们安利了卡诗洗发水
先入手了粉色卡诗赋源芯丝沁透洗发水但是感觉一般，第二天又油了
后面铺天盖地的推荐和安利后双十一入手了其他两瓶
第一次使用绿色双重控油洗发水后直接被惊艳到，细软塌混油的发质，居然可以坚持3天[哇R]会回购
白色白金也是争议比较大的一瓶，味道我很喜欢，洗完头发蓬松到没边，混油的姐妹也可以坚持到底3天，发根平底起高楼啊😝会回购
目前3款都没有出现头痒 头屑的情况
官网双十一还送了一个黑钻系列，用完后给姐妹们分享哦#护发好物[话题]# #洗护好物[话题]# #爱用好物[话题]# #洗护[话题]# #卡诗洗发水[话题]# #测评[话题]#",https://www.xiaohongshu.com/explore/673200d0000000003c018ca0?xsec_token=AB7EXX6ThJuYWczCMUCxxqRP7Thc8Xt_DBbRpqxWq3sCY=&xsec_source=pc_search,,"""http://sns-img-hw.xhscdn.com/1040g00831a2gqv0i72704a4kj9pqfap2sktqe0g!nd_dft_wlteh_jpg_3,http://sns-img-hw.xhscdn.com/1040g00831a2gqv0i727g4a4kj9pqfap2j3bhar8!nd_dft_wlteh_jpg_3,http://sns-img-hw.xhscdn.com/1040g00831a2gqv0i72804a4kj9pqfap26lth3i0!nd_dft_wlteh_jpg_3,http://sns-img-hw.xhscdn.com/1040g00831a2gqv0i728g4a4kj9pqfap2eda17ng!nd_dft_wlteh_jpg_3""","""护发好物,洗护好物,爱用好物,洗护,卡诗洗发水,测评""",5ad733a711be1071faf1ab22,啥也买不起,1478.0,433.0,297.0,283.0,"""[\""卡诗\""]""","""[\""卡诗粉色赋源芯丝沁透洗发水\"",\""卡诗绿色双重控油洗发水\"",\""卡诗白色白金洗发水\""]""","{""卡诗"": ""正向""}","{""卡诗"": [""绿色控油效果惊艳"", ""白色蓬松效果显著"", ""无头屑问题"", ""会回购""]}",True,True,卡诗
398,丰盈蓬松洗发水,小红薯momo,55,67711a02000000001300b05c,247.0,跟风买了 Off&Relax,normal,"在合生汇折扣店看到的，当时犹豫了下没买，回来搜了搜感觉还可以，而且淘宝旗舰店买正装有小样试，不合适还可以退，洗了一次感觉还不错，就留着了
	
味道：比较甜的花果香，还有洗发水独有的清爽的味道，留香还可以，第二天味道还和第一天差不多，洗的时候觉得花果味有点太甜腻，吹完感觉又刚好
去油和蓬松：我本身算中性偏油，大概，反正正常也是三天才后才油，今天第二天，还挺蓬松干爽的，蓬松度个人觉得还可以，看p4颅顶，就正常高度
感受：洗的时候感觉特别轻盈，这是我最喜欢的点，可能也是因为洗发水质地比较稀？反正洗的时候没有别的洗发水感觉那么厚重，洗完感觉也头皮轻轻的很蓬松，比较舒服。
	
总得对这家牌子感觉还不错，可能还会尝试更多它家产品吧，那个绿的还有最近新出的红茶味都想试试，护发素等我用完现在的也可以换它家试试
	
#OffRelax[话题]# #洗发水[话题]# #洗发水测评[话题]# #控油蓬松[话题]#",https://www.xiaohongshu.com/explore/67711a02000000001300b05c?xsec_token=ABADDnPkXHkqG7cA7xPxXGynk0Bj2RYrjC9IJHPiTxqxw=&xsec_source=pc_search,,"""http://sns-img-hw.xhscdn.com/1040g2sg31c04lbjvh06g5p0seiu4cdvn9k08l00!nd_dft_wlteh_jpg_3,http://sns-img-hw.xhscdn.com/1040g00831c04lbk2h05g5p0seiu4cdvn5tvebrg!nd_dft_wlteh_jpg_3,http://sns-img-hw.xhscdn.com/1040g2sg31c04lbjs0sd05p0seiu4cdvnp3d1meo!nd_dft_wlteh_jpg_3,http://sns-img-hw.xhscdn.com/1040g2sg31c04lbjs10d05p0seiu4cdvnbi914d0!nd_dft_wlteh_jpg_3""","""OffRelax,洗发水,洗发水测评,控油蓬松""",641c74bc00000000110237f7,来自西北,326.0,65.0,146.0,201.0,"""[\""Off&Relax\""]""","""[\""洗发水\""]""","{""Off&Relax"": ""正向""}","{""Off&Relax"": [""留香持久"", ""轻盈质地"", ""控油蓬松"", ""香味甜腻但冲洗后舒适""]}",True,True,Off&Relax
399,丰盈蓬松洗发水,小红薯momo,56,66b47c34000000001e01babb,248.0,到底是谁在惯着这些洗发水啊,normal,"欧莱雅玻尿酸洗发水我真小瞧它了！！！起初还以为又是洗护大牌推出来割韭菜的玩意！！但没想到浴室流水的瓶瓶罐罐！！铁打的居然是它？？？每次用完头发丝都跟打了鸡血似的连夜站岗！！超级蓬松！稍微来点风都能在发丝间行云流水的穿插......妈生高颅顶轻松拿捏，家里的假发片收拾收拾都可以退休了！！说拥有一头秀发能增加自信心我是信的！！已经心动想参加个啥新丝路模特大赛了ok？？？
	
夏天头油得像是街边摊的烤韭菜！！！以前哪怕用控油洗发水也得天天洗！！但这瓶不是那种前脚野蛮去油，后脚油脂报复的！！
先清洁后补水，比我人生规划还清晰！小分子果酸先给毛囊来个深层清洁的马杀鸡！然后高纯度玻尿酸疯狂给头皮发丝灌水！一泵搓出满手的泡沫感觉自己像个人型🫧起泡器！！鬼知道实现水油平衡以后头发能有多蓬松！！每次出门见到熟人都要解释：我真的没垫假发片！！！！
	
发丝经常打结的！一定一定要配套它的护发素来用！别偷懒！我现在头发一边像南极一边像北极！头顶巨蓬松！发尾却柔顺到根本不用梳！！早上免了处理打结这件事，随手捋一捋就能出门的松弛感不能只有我一个人在享受吧！！！！
#欧莱雅玻尿酸洗发水[话题]# #欧莱雅洗发水[话题]#  #洗发水推荐[话题]# #控油蓬松洗发水[话题]# #蓬松洗发水[话题]# #洗发[话题]#",https://www.xiaohongshu.com/explore/66b47c34000000001e01babb?xsec_token=ABsFhsjHlKeL8tNFw7yJYQi1YwNMSXoQNBPUyH_XzJAMQ=&xsec_source=pc_search,,"""http://sns-img-hw.xhscdn.com/1040g2sg3167ud04fgk005nlqngfgbgdlca7jndg!nd_dft_wlteh_jpg_3""","""欧莱雅玻尿酸洗发水,欧莱雅洗发水,洗发水推荐,控油蓬松洗发水,蓬松洗发水,洗发""",5ebabc1f000000000101c1b5,垣小椰,1945.0,472.0,667.0,255.0,"""[\""欧莱雅\""]""","""[\""玻尿酸洗发水\""]""","{""欧莱雅"": ""正向""}","{""欧莱雅"": [""超级蓬松"", ""水油平衡"", ""泡沫丰富"", ""提升自信心""]}",True,True,欧莱雅
400,丰盈蓬松洗发水,小红薯momo,57,683db0dd000000001101eec8,249.0,Living proof缕灵蓬松丰盈洗发水,normal,"特意去搜了是不是洗发水
咋说
不咋起泡
洗完还可以吧？
但不会回购！！！",https://www.xiaohongshu.com/explore/683db0dd000000001101eec8?xsec_token=ABIEB4tQplS-Ck5yCFQdfX8WlIBzN01wW_lxXLAzhLSkI=&xsec_source=pc_search,,"""http://sns-img-hw.xhscdn.com/1040g2sg31i7u2i70nae05n2pg6omkvbjqcgs7lo!nd_dft_wlteh_jpg_3""",,5c5981b1000000001a027d73,两米,0.0,0.0,0.0,0.0,"""[\""Living proof\""]""","""[\""缕灵蓬松丰盈洗发水\""]""","{""Living proof"": ""负向""}","{""Living proof"": [""不咋起泡"", ""效果一般""]}",True,True,Living proof
401,丰盈蓬松洗发水,小红薯momo,58,683598f3000000002301f7ca,250.0,第39瓶洗发水实测，施华蔻丰盈韧养洗发露测评，实际体验如何？真的可以做到三天不洗头吗？#洗发水测评[话题]#,video,第39瓶洗发水实测，施华蔻丰盈韧养洗发露测评，实际体验如何？真的可以做到三天不洗头吗？#洗发水测评[话题]#,https://www.xiaohongshu.com/explore/683598f3000000002301f7ca?xsec_token=AB6a_UhxVxbIHfZmV58mDivpF_eTQQFjeCpFtHjwlvXg4=&xsec_source=pc_search,http://sns-video-bd.xhscdn.com/pre_post/1040g0cg31i00rlrflmeg5ohlam9ocokogrer04g,"""http://sns-img-hw.xhscdn.com/1040g2sg31i00rt8gmmeg5ohlam9ocokon286i58!nd_dft_wlteh_jpg_3""","""洗发水测评""",623555930000000021026298,岸上评测,25.0,6.0,10.0,0.0,"""[\""施华蔻\""]""","""[\""丰盈韧养洗发露\""]""","{""施华蔻"": ""正向""}","{""施华蔻"": [""蓬松顺滑"", ""受损发质修复"", ""香味高级""]}",True,True,施华蔻
402,丰盈蓬松洗发水,小红薯momo,59,67ce626a000000002a00e95c,251.0,好闻到想天天洗头发了！,normal,"细软塌真的每天都在为头发贴头皮而烦恼
很羡慕拥有氛围感高颅顶的感觉
直到后来闺蜜在韩国给我带来这个洗发水
真是相见恨晚啊！
	
这哪里是洗发水
像捏爆了一整颗汁水丰盈的无花果
揉出泡沫的瞬间感觉自己被新鲜的无花果包围
果香的清甜度和淡淡花香中和得刚刚好
中间还伴着一丝丝果涩感
闻起来层次丰富、巨巨巨巨耐闻！！
冲洗后不假滑不拔干、发丝根根分明贼清爽
柔顺又蓬松的高颅顶轻松拿捏
而且连发丝都腌入了无花果香
一觉睡醒连枕巾都是香香的
感觉自己就是一颗行走的无花果
	
#洗护[话题]# #IAM无花果洗发水[话题]# #冷门好物[话题]#",https://www.xiaohongshu.com/explore/67ce626a000000002a00e95c?xsec_token=AB__Z1s_3S7HCBPTNzir-Y6yRGwh4bwZdfEuSaC-KhPFE=&xsec_source=pc_search,,"""http://sns-img-hw.xhscdn.com/notes_pre_post/1040g3k831er7m12tlo7049g8lt00m2mmf6jkcso!nd_dft_wlteh_jpg_3,http://sns-img-hw.xhscdn.com/notes_pre_post/1040g3k831er7m12tlo7g49g8lt00m2mm9kbj0ug!nd_dft_wlteh_jpg_3,http://sns-img-hw.xhscdn.com/notes_pre_post/1040g3k831er7m12tlo8049g8lt00m2mmj30jmpo!nd_dft_wlteh_jpg_3,http://sns-img-hw.xhscdn.com/notes_pre_post/1040g3k831er7m12tlo8g49g8lt00m2mm5g1vc5o!nd_dft_wlteh_jpg_3,http://sns-img-hw.xhscdn.com/notes_pre_post/1040g3k831er7m12tlo9049g8lt00m2mm19no8k0!nd_dft_wlteh_jpg_3""","""洗护,IAM无花果洗发水,冷门好物""",5917400b5e87e71823160ad6,是静静呐,272.0,183.0,28.0,47.0,"""[\""IAM\""]""","""[\""无花果洗发水\""]""","{""IAM"": ""正向""}","{""IAM"": [""香味独特"", ""清爽不假滑"", ""高颅顶效果""]}",True,True,IAM
403,丰盈蓬松洗发水,小红薯momo,60,67879a6a000000001c00f489,252.0,【用后感】多芬大蓝瓶洗发水 无限回购！,normal,"30r的快乐
拯救我这个大长发细软塌
大夏天两天不洗头[哇R]
冬天直接能挺四天（也可能是我干[笑哭R]）
很清爽的感觉
我用着清爽不干，刚刚好
味道也很好
性价比很高
已经入了第二瓶
都说洗发水要换着用，寻找另一个天命洗发水ing
#洗发露[话题]# #哪种洗发水好用[话题]# #油头洗发水[话题]# #洗发水[话题]# #洗发水控油蓬松[话题]# #超赞的洗发水[话题]# #洗护好物[话题]#",https://www.xiaohongshu.com/explore/67879a6a000000001c00f489?xsec_token=ABZc7CsEjEIAIiyXx5hjfAb8H3kQviLgLsQr8BZI9m8lk=&xsec_source=pc_search,,"""http://sns-img-hw.xhscdn.com/1040g00831cm3qvn40k6g49aprc3udb7vlufj1g8!nd_dft_wlteh_jpg_3,http://sns-img-hw.xhscdn.com/1040g2sg31cm3qvn3h0cg49aprc3udb7vnrhoduo!nd_dft_wlteh_jpg_3""","""洗发露,哪种洗发水好用,油头洗发水,洗发水,洗发水控油蓬松,超赞的洗发水,洗护好物""",58cf87e65e87e74043e8acff,好好吃饭,71.0,20.0,12.0,9.0,"""[\""多芬\""]""","""[\""大蓝瓶洗发水\""]""","{""多芬"": ""正向""}","{""多芬"": [""性价比高"", ""控油持久"", ""无限回购""]}",True,True,多芬
405,丰盈蓬松洗发水,小红薯momo,62,6695e2240000000003025c11,253.0,这才是油头救星！氛围感美女我来啦🙈！,normal,"安利给所有想买控油蓬松洗发水的姐妹们！
发根直接立起来了
细软塌、油头、发尾枯的姐妹们！在不在
🙆🏻‍♀️蜂花控油蓬松洗发露！
还得是你！！蜂花！！！国货之光！！！
专属于咱们中国宝宝的高颅顶之神👼🏻
直接把我头顶上的油给控干了！
没想到我的头发也能这么蓬松
发根直接立起来了
谁能懂这种快乐啊
-
做了功课才知道，它里面成分含有
✅仿生蜂王浆
可以像磁铁一样定向吸附油脂
把毛孔里的油脂污垢掏干净！
控油的同时还能做到不伤头皮
发根才能撑得住好几天不塌
✅茶树精油
来自澳洲的白千层叶子提取的精油
能够更好地改善有头皮环境，调节水油平衡
✅芦荟精华+山茶籽油
控油效果真的不是盖的
用了一段时间后
我发现我的出油量明显减少了👍🏻
同时它还能舒缓止痒 给发丝补水滋润
-
每次洗头按压两泵随便搓一搓
而且还加了薄荷醇精油洗起来更加清凉
🥹泡泡随便搓搓就好多
洗完头从头皮到发丝都在畅快呼吸
对头皮也非常的柔和
现在就算三天不洗依然蓬松
身高都好像自动加了3cm一样
油头的姐妹可以试试 性价比还是很高的
#控油洗发水[话题]# #控油蓬松[话题]# #控油蓬松洗发水[话题]##蜂花控油蓬松洗发水[话题]# #蜂花护发精油[话题]#
#洗发水[话题]##好用洗发水[话题]##蜂花[话题]#",https://www.xiaohongshu.com/explore/6695e2240000000003025c11?xsec_token=ABJCcZ8FEr9f6tQM51-az2PEtSHaYEGvCgr6T3EsqAFco=&xsec_source=pc_search,,"""http://sns-img-hw.xhscdn.com/1040g2sg315a234kk0u705ph67hh1ol594d7d3i0!nd_dft_wlteh_jpg_3,http://sns-img-hw.xhscdn.com/1040g2sg315a234kk0u7g5ph67hh1ol59071je38!nd_dft_wlteh_jpg_3,http://sns-img-hw.xhscdn.com/1040g2sg315a234kk0u805ph67hh1ol59csap9qo!nd_dft_wlteh_jpg_3,http://sns-img-hw.xhscdn.com/1040g2sg315a234kk0u8g5ph67hh1ol599ei8sd8!nd_dft_wlteh_jpg_3,http://sns-img-hw.xhscdn.com/1040g2sg315a234kk0u905ph67hh1ol59oe5h2og!nd_dft_wlteh_jpg_3,http://sns-img-hw.xhscdn.com/1040g2sg315a234kk0u9g5ph67hh1ol5930svbug!nd_dft_wlteh_jpg_3,http://sns-img-hw.xhscdn.com/1040g2sg315a234kk0ua05ph67hh1ol59loal5eg!nd_dft_wlteh_jpg_3""","""控油洗发水,控油蓬松,控油蓬松洗发水,蜂花控油蓬松洗发水,蜂花护发精油,洗发水,好用洗发水,蜂花""",66263c6200000000070054a9,黑橘发福了,247.0,85.0,26.0,55.0,"""[\""蜂花\""]""","""[\""控油蓬松洗发水\""]""","{""蜂花"": ""正向""}","{""蜂花"": [""国货之光"", ""控油效果显著"", ""舒缓止痒""]}",True,True,蜂花
407,丰盈蓬松洗发水,小红薯momo,64,681ac2bd0000000023013109,255.0,洗发水|买了不踩雷的东西，才能叫做消费,video,"这个潘婷就是买回去，用一次就爱上
再也不用洗头洗两遍了
#洗发水分享[话题]# #哪种洗发水好用[话题]# #防脱控油洗发水[话题]# #超赞的洗发水[话题]# #油头洗发水[话题]# #洗发水红榜[话题]# #洗护[话题]# #洗发水控油蓬松[话题]# #头发护理分享[话题]#",https://www.xiaohongshu.com/explore/681ac2bd0000000023013109?xsec_token=AB8O-cGE5wYVybvAZ38ncefRmVQV3LxGSSDfApSPaMZao=&xsec_source=pc_search,http://sns-video-bd.xhscdn.com/pre_post/1040g2t031h5qcj4f34005p5v5sh9eo8qld4pu18,"""http://sns-img-hw.xhscdn.com/1040g2sg31h5qgh0042005p5v5sh9eo8qj4l7a40!nd_dft_wlteh_jpg_3""","""洗发水分享,哪种洗发水好用,防脱控油洗发水,超赞的洗发水,油头洗发水,洗发水红榜,洗护,洗发水控油蓬松,头发护理分享""",64bf2f22000000002503611a,糕糕哇,78.0,23.0,10.0,3.0,"""[\""潘婷\""]""","""[\""洗发水\""]""","{""潘婷"": ""正向""}","{""潘婷"": [""防脱控油"", ""使用便捷"", ""洗护红榜""]}",True,True,潘婷
408,丰盈蓬松洗发水,小红薯momo,65,66ab6a40000000000600fdfb,256.0,妈呀太好了吧,video,鱼子酱控油去屑柔顺蓬松洗发露,https://www.xiaohongshu.com/explore/66ab6a40000000000600fdfb?xsec_token=ABJQkj3WXt1HoZSf-nggJHNpF7d2RrVF8peagjkAflosM=&xsec_source=pc_search,http://sns-video-bd.xhscdn.com/pre_post/1040g0cg315v2ttdf0o0g5pg2i372pgj6shiqf0o,"""http://sns-img-hw.xhscdn.com/1040g008315v2us300o005pg2i372pgj604d1meo!nd_dft_wlteh_jpg_3""",,660290ce000000000b00c266,我叫大婷吖,68.0,53.0,1.0,33.0,"""[\""鱼子酱\""]""","""[\""控油去屑柔顺蓬松洗发露\""]""","{""鱼子酱"": ""正向""}","{""鱼子酱"": [""控油效果显著"", ""柔顺蓬松"", ""香味宜人""]}",True,True,鱼子酱
409,丰盈蓬松洗发水,小红薯momo,66,67f25d85000000000b015050,257.0,麻麻！是真的可以3天不用洗头啊！！！,normal,"对于一个护发狂热星人，
妈妈买回来的这款欧莱雅
几乎满足了我各项需求！！！
最最明显的就是超级控油，
蓬蓬弹弹的，也不会干！！
味道也是香香的，好喜欢！！！
真的3天没有洗头了！头发依旧不油腻！
不得不说，太牛啦！！！！！！！
	
#超赞的洗发水[话题]# #护发心得分享[话题]# #洗护好物[话题]# #欧莱雅洗发水[话题]# #欧莱雅玻尿酸洗发水[话题]#",https://www.xiaohongshu.com/explore/67f25d85000000000b015050?xsec_token=ABQ5gw1en2jqwHzFhHXGBCyawayPIMXv3iA_1vcxtEBcM=&xsec_source=pc_search,,"""http://sns-img-hw.xhscdn.com/1040g2sg31fuc51nig26g48g3mn00mbhqoigrbm8!nd_dft_wlteh_jpg_3,http://sns-img-hw.xhscdn.com/1040g2sg31fuc51nig27048g3mn00mbhqvfiutrg!nd_dft_wlteh_jpg_3""","""超赞的洗发水,护发心得分享,洗护好物,欧莱雅洗发水,欧莱雅玻尿酸洗发水""",575c400b6a6a69663fb32e3a,AAA冯姐专业饼干打孔,71.0,30.0,19.0,8.0,"""[\""欧莱雅\""]""","""[\""欧莱雅玻尿酸洗发水\""]""","{""欧莱雅"": ""正向""}","{""欧莱雅玻尿酸洗发水"": [""3天不油腻"", ""超级控油"", ""香味好""]}",True,True,欧莱雅
410,丰盈蓬松洗发水,小红薯momo,67,6662dac90000000006006381,258.0,重油头圈里“蓬松丰盈”的佼佼者,normal,"今天来讲细软发、发根油发尾干、发量少但忠于高颅顶！能同步兼具的洗发水：Vegamour•GRO焕活元气系列！
开头唠：和品牌确定是否试用前，我一直说再了解看看，因为我始终觉得几百块的洗发水，洗完还能让头皮和头发有多不同？可试用结束后，我对这个品牌系列的使用感记忆犹新！果断敲了1329字使用心得！因为它做到了：
在重油头、轻如鸿毛的细软发，原本就出油旺盛、易扁塌的情况下，既丰盈养护了头皮和头发，让它们像“充了气”的青丝！又营造出发质好似天生自带的丰盈蓬松。完全不会因为“滋养”这件事，给“蓬松”增加负担！
1、它的蓬松，不是靠控油撑起来的！
是靠：即刻丰盈！（是的，没有夸张）和其它蓬松洗发水的成分思路完全不同，它的成分组合仿佛开辟了一条属于自己的“蓬松”花路！
首先，GRO系列不含硅油，加上压油又防头皮长包的姜黄提取物，这也就是为什么我冲掉泡沫之后，摸整体发量有微微涩感、洗完头皮清爽的原因。
丰盈蓬松的关键成分来了！它在植物洗护配方的基础上加入了VEGAMOUR独有的Karmatin植物仿生角蛋白™，也是这款洗发水的成分精髓：能将植物 b-silk™ 蛋白高效注入毛鳞片中，会在头发周围形成保护层，让头发变得丝滑有光泽！搭配马鲁拉油+猴面包树油+海檀木籽油，给头皮头发进一步补充养分！洗完再上一层配套发膜，即使冲洗掉，仍然能紧密包裏发丝！持续滋养和修复受损毛鳞片！
而恰当的成分配比，头发洗完只剩下“无成分负担与残留”的丰盈健康！细软和受损发，哪怕是沙发，用1次就能感受到头发重新丰盈焕亮！每根头发不失轻盈！但又有粗壮饱满的存在感！重油头也能在丰盈里蓬松着！
2、它的防脱，不在成分上耍花招！
大部分防脱洗发水可以让你感受到：控油很足！强制根除！GRO系列带给我的体感是：持续调养！缓焕渗透！这又要再说到姜黄提取物，姜黄根干细胞中分泌出的高度浓缩蛋白质，可缩短头发的休止期，保持生长期的稳定。搭配本氏烟草+马黛茶提取物，更加强韧发根！每周我会用它洗2次，1个月左右，在我前后不断测评洗发水的不稳定头皮状态下，落发量在洗头和吹头过程中，还是比较明显的！
细软发、沙发、烫染受损发，预算足的姐妹，这一套用1次，值得到：吹完头发，想把它拿在手上端详，不吱声的闷着夸。
#洗护好物[话题]# #防脱[话题]# #蓬松洗发水[话题]# #洗发水测评[话题]# #vegamour洗发水[话题]#",https://www.xiaohongshu.com/explore/6662dac90000000006006381?xsec_token=AB_VXumEs9yNcEdX1jS-z-hy5BH19FTnyM7y5vj_IfubQ=&xsec_source=pc_search,,"""http://sns-img-hw.xhscdn.com/1040g2sg313o7edtiic705o25adsgbopictca1jg!nd_dft_wlteh_jpg_3,http://sns-img-hw.xhscdn.com/1040g2sg313o7edtiic7g5o25adsgbopiqp4r978!nd_dft_wlteh_jpg_3,http://sns-img-hw.xhscdn.com/1040g2sg313o7edtiic805o25adsgbopi100rp7o!nd_dft_wlteh_jpg_3,http://sns-img-hw.xhscdn.com/1040g2sg313o7edtiic8g5o25adsgbopihoegnho!nd_dft_wlteh_jpg_3,http://sns-img-hw.xhscdn.com/1040g2sg313o7edtiic905o25adsgbopieohtd2g!nd_dft_wlteh_jpg_3,http://sns-img-hw.xhscdn.com/1040g2sg313o7edtiic9g5o25adsgbopi9bhobr8!nd_dft_wlteh_jpg_3,http://sns-img-hw.xhscdn.com/1040g2sg313o7edtiica05o25adsgbopiusde4l8!nd_dft_wlteh_jpg_3""","""洗护好物,防脱,蓬松洗发水,洗发水测评,vegamour洗发水""",60455379000000000101e332,赤脚大仙的大仙,28.0,14.0,10.0,14.0,"""[\""Vegamour\""]""","""[\""Vegamour GRO焕活元气系列\""]""","{""Vegamour"": ""正向""}","{""Vegamour GRO焕活元气系列"": [""即刻丰盈"", ""无成分负担"", ""强韧发根""]}",True,True,Vegamour
412,丰盈蓬松洗发水,小红薯momo,69,673ac1dd0000000007033948,260.0,避雷这款洗发水真无语😓,normal,"前几天在超市店员推荐这个pote洗发水还什么小苍兰！！并没闻到[捂脸R]之前用洗发水第三天会出油也正常因为我是油头！但是这个洗发水我是16号晚上八点多洗的！今天早上就这样了！而且巨痒[失望R]
家人们有没有安全一点的洗发水推荐呀蓬松控油的
坚决不要广🙅
#哪种洗发水好用[话题]# #洗发露[话题]# #避雷洗发水[话题]#",https://www.xiaohongshu.com/explore/673ac1dd0000000007033948?xsec_token=ABwK9aCkZmKL-xkRvEwzZXOTAoZZs68HTiCtBK6kIPf18=&xsec_source=pc_search,,"""http://sns-img-hw.xhscdn.com/1040g2sg31ab2d3l1ni005p4cd9iqmjltm4nl3u0!nd_dft_wlteh_jpg_3,http://sns-img-hw.xhscdn.com/1040g2sg31ab2d3l1ni0g5p4cd9iqmjltpnrk4qo!nd_dft_wlteh_jpg_3""","""哪种洗发水好用,洗发露,避雷洗发水""",648c6a65000000002a034ebd,想要吃不胖🥥(已瘦12 斤）,104.0,10.0,56.0,25.0,"""[\""Pote\""]""","""[\""Pote小苍兰洗发水\""]""","{""Pote"": ""负向""}","{""Pote小苍兰洗发水"": [""巨痒"", ""控油效果差""]}",True,True,Pote
413,丰盈蓬松洗发水,小红薯momo,70,67ee5f70000000001d01407d,261.0,🌿 山姆 119.90 元 3 瓶多芬洗发水，值不值？,normal,"🌿 山姆 119.90 元 3 瓶多芬洗发水，值不值？🛀
最近在 山姆 买了一套 多芬空气蓬松保湿洗发露（480g*3） ，今天刚刚到货，来开箱看看！
📦 💰 性价比分析
🔹 价格： 119.90 元 / 3 瓶，每瓶≈39.9 元
🔹 容量： 480g/瓶，量大适合家庭装
🔹 适合发质： 官方主打 空气蓬松 + 轻盈保湿，更适合 细软、易塌发质
🛀 ✨ 使用感受
✅ 泡沫细腻绵密，清洁力适中，不假滑
✅ 发根轻盈蓬松，不会紧贴头皮
✅ 保湿不油腻，洗后发丝顺滑，不干涩
✅ 香味淡雅，花果调，适合不喜欢浓烈香味的人
⚠️ 可能的缺点
❌ 干发质可能需要搭配护发素，否则可能略显干燥
❌ 香味较淡，喜欢强烈留香的可能觉得普通
📌 🌟 适合谁？值得买吗？
💡 适合： 细软发质、喜欢蓬松感、不喜欢假滑感的朋友
💡 性价比高，比普通超市单瓶更划算，3 瓶装适合囤货党
💬 你们在山姆买过什么好用的洗护产品？留言推荐！ ⬇️⬇️⬇️
📸 图片建议（可搭配以下图片）
✅ 1. 快递盒 & 3 瓶洗发水合照（封面图）
✅ 2. 近拍瓶身 & 质地展示
✅ 3. 挤出泡沫 & 洗感效果
✅ 4. 头发吹干后（可选，展现蓬松感）
	
就大家一起互动嘛———
#山姆会员店[话题]##山姆购物分享[话题]##山姆必买[话题]##山姆性价比好物[话题]##洗发水推荐[话题]##油头救星[话题]##好物分享[话题]##Dove[话题]# #山姆购物分享[话题]# #山姆必买[话题]#",https://www.xiaohongshu.com/explore/67ee5f70000000001d01407d?xsec_token=ABnMLmFTCD3YPvO_ppKg7Vj9_Zwkka3tesCTdYLM7DFKQ=&xsec_source=pc_search,,"""http://sns-img-hw.xhscdn.com/1040g00831fqfdnt7gi005orrgtm7rrg4d5le7ao!nd_dft_wlteh_jpg_3,http://sns-img-hw.xhscdn.com/1040g00831fqfdnt7gi0g5orrgtm7rrg4t21j2bg!nd_dft_wlteh_jpg_3,http://sns-img-hw.xhscdn.com/1040g00831fqfdnt7gi105orrgtm7rrg4hko4598!nd_dft_wlteh_jpg_3,http://sns-img-hw.xhscdn.com/1040g00831fqfdnt7gi1g5orrgtm7rrg4uqhjukg!nd_dft_wlteh_jpg_3,http://sns-img-hw.xhscdn.com/1040g00831fqfdnt7gi205orrgtm7rrg4et57uc8!nd_dft_wgth_jpg_3,http://sns-img-hw.xhscdn.com/notes_pre_post/1040g3k831fqf7p5hg6005orrgtm7rrg4olgdmbg!nd_dft_wlteh_jpg_3""","""山姆会员店,山姆购物分享,山姆必买,山姆性价比好物,洗发水推荐,油头救星,好物分享,Dove""",637b876c000000001f01ee04,zhang张公子,23.0,6.0,8.0,9.0,"""[\""多芬\""]""","""[\""多芬空气蓬松保湿洗发露\""]""","{""多芬"": ""正向""}","{""多芬空气蓬松保湿洗发露"": [""发根轻盈"", ""保湿不油腻"", ""性价比高""]}",True,True,多芬
414,丰盈蓬松洗发水,小红薯momo,71,665ef3680000000006006b86,262.0,姐的头发蓬松高颅顶攻略已经next level了❗️,normal,"之前随手分享的照片好多姐妹都比较关注我的头发，今天出一期详细的教程，多种方法打造蓬松高颅顶，避免广子嫌疑，不推荐产品
1⃣️蓬松洗发水
现在市面上主打蓬松的洗发水已经很多了，我尝试了很多种，但都是以蓬松为主的，然后发尾用柔顺的护发素，双管齐下头发不仅能日常保持蓬松，还能保持柔顺
2⃣️吹头发小技巧
洗头发要直立着洗，但吹头发可以倒着吹！（看图4）这样会有一个反的作用力，正回来之后发根依然坚挺。
3⃣️假发片
这个对于后脑勺扁平的人也超级适用！尽量选择克重轻的假发片，不然戴久了头皮拉着疼，用下来我觉得三片式的取戴最轻松，一片式的更好打理（图5）
PS：打造蓬松头顶的假发片尽量选择那种盖住头皮的，真实自然的，一片一片比较轻的那种
4⃣️玉米夹、直板夹、32的大卷发棒
玉米夹的具体使用方法可以看主页的第2篇笔记以及海马体那篇也有说明，大卷发棒的使用方法见图6
5⃣️接头发
这是最费钱但是最省时间的一个方法，有增加发量和增加长度两种选择，图8是接过的头发，巨多！但是基本三个月长出来就得拆，洗头发也要去理发店，我在头发尴尬期的时候会接一下，自然长长了就不会了，总有种洗不干净的感觉，长期接对自己的头发也不好，总体而言适合急救
6⃣️注意发缝
很重要的一点，发现很多姐妹都会忽略！大家不要一直中分呀，时而左侧分，时而右侧分，时而中分，总之不要让头发有“固定记忆”
[禁R][禁R][禁R][禁R][禁R][禁R][禁R][禁R][禁R][禁R][禁R][禁R][禁R][禁R][禁R][禁R][禁R][禁R][禁R]
接下来是一些避雷
1⃣️离子烫
很流行的发根离子烫，伤头发不说，我感觉对我来说是一点用没有[石化R]，不仅如此，还容易变方脑袋，不如每次出门前用玉米夹操作一下
2⃣️蓬松喷雾
市面上的各种蓬松喷雾（不是拯救油头免洗头那种），我的使用感都不太好[哭惹R]，味道重➕喷一次晚上必洗头，我这种长头发实在伤不起
#头发蓬松[话题]# #发根蓬松[话题]# #控油蓬松[话题]# #手残党也能学会的发型[话题]# #高颅顶[话题]#",https://www.xiaohongshu.com/explore/665ef3680000000006006b86?xsec_token=ABcHgkJARkkdrUNx_uN5QLBIYrBFByq-YXWEUFhuOO0bQ=&xsec_source=pc_search,,"""http://sns-img-hw.xhscdn.com/1040g2sg313kdejrkg27049moalsejoetf50ota0!nd_dft_wlteh_jpg_3,http://sns-img-hw.xhscdn.com/1040g2sg313kdejrkg27g49moalsejoetjok02k0!nd_dft_wlteh_jpg_3,http://sns-img-hw.xhscdn.com/1040g2sg313kdejrkg28049moalsejoetpo5ctdg!nd_dft_wlteh_jpg_3,http://sns-img-hw.xhscdn.com/1040g2sg313kdejrkg28g49moalsejoets644op8!nd_dft_wlteh_jpg_3,http://sns-img-hw.xhscdn.com/1040g2sg313kdejrkg29049moalsejoetcfg9ndg!nd_dft_wlteh_jpg_3,http://sns-img-hw.xhscdn.com/1040g2sg313kdejrkg29g49moalsejoetcss08eg!nd_dft_wlteh_jpg_3,http://sns-img-hw.xhscdn.com/1040g2sg313kdejrkg2a049moalsejoet7apapug!nd_dft_wlteh_jpg_3,http://sns-img-hw.xhscdn.com/1040g2sg313kdejrkg2ag49moalsejoetcuucq4g!nd_dft_wgth_jpg_3""","""头发蓬松,发根蓬松,控油蓬松,手残党也能学会的发型,高颅顶""",5976b8e96a6a697df6bde1dd,人造菠萝甜,347.0,158.0,22.0,30.0,"""[\""力士\""]""","""[\""力士丰盈蓬松洗发水\""]""","{""力士"": ""中立""}","{""力士丰盈蓬松洗发水"": [""香味浓烈"", ""泡沫丰富"", ""蓬松效果一般""]}",True,True,力士
415,丰盈蓬松洗发水,小红薯momo,72,682daaf80000000023016340,263.0,一瓶直接封神！夏日蓬松感轻松拿捏！！！,video,#洗发水[话题]# #蓬松高颅顶[话题]# #控油[话题]# #蓬松[话题]# #欧莱雅玻尿酸洗发水[话题]##蓬松洗发水[话题]# #618大促[话题]# #618攻略[话题]# #618清单[话题]#,https://www.xiaohongshu.com/explore/682daaf80000000023016340?xsec_token=AB4oRsS-cqsN6M5T-Ei2H8CZU_klAUomsqDplEin38S5E=&xsec_source=pc_search,http://sns-video-bd.xhscdn.com/1040g2so31ho91qrc34e05n74virk7ob9o17goto,"""http://sns-img-hw.xhscdn.com/1040g2sg31ho91qr834705n74virk7ob96rka2i8!nd_dft_wlteh_jpg_3""","""洗发水,蓬松高颅顶,控油,蓬松,欧莱雅玻尿酸洗发水,蓬松洗发水,618大促,618攻略,618清单""",5ce4fcb7000000001003e169,李阿糖,414.0,93.0,33.0,7.0,"""[\""欧莱雅\""]""","""[\""欧莱雅玻尿酸洗发水\""]""","{""欧莱雅"": ""正向""}","{""欧莱雅玻尿酸洗发水"": [""封神"", ""蓬松感强"", ""控油有效""]}",True,True,欧莱雅
417,丰盈蓬松洗发水,小红薯momo,74,626e667e0000000021038e93,264.0,力士丰盈蓬松洗发水洗头膏测评,normal,"刷抖音弹出来广告的，对蓬松真的很着迷
犹豫了两三天，因为家里2L装的别牌洗发水还有好几包
后来总是在抖音重复刷到
就拍了一单109的未付款 毕竟300ml的2支量很少诶
过了两天又刷到 抖音（马上购买）处下单 变成89了
就马上下单付了款
	
两瓶洗发水和一瓶洗发水一瓶护发素价格是一样的
因为我不用护发素的所以选择了两瓶洗发水
不过联合利华官方旗舰店你们的包装可真low
	
小时候我妈说我一家人头发都浓厚密实全都是因为用了力士洗发水 所以对这个牌子一直很有好感 不过那是30年前的力士了
买之前也搜了小红书好像这款测评不多。
	
收到马上用了一次：
每按压一只会压出一点点，因为瓶子、管子和压泵都很细。膏体无色透明的，按了10泵在手也没有特别多。我头发很多，而且当天很油了（好些天没洗头还烤火了）洗着泡沫很丰富，应该少摁几泵就好。香味很重，浓浓水蜜桃味，又有点像干发喷雾那种直冲鼻腔的粉末感，浓烈。冲水后不知道是个什么别的香味了，淡了些。
吹干头发会变成一束束的，像湿发抹了摩丝还是发胶还是什么的再吹干那种状态，摸着卷发部分是硬的一卷一卷。梳开就散了。我头发烫卷一年了卷度不太够了，洗了这个会恢复到比较卷的状态。但头顶没有觉得特别蓬，正常吧。
第二次洗澡时一起洗头就认真了很多。洗了两轮，第一次按了5泵差不多。冲水后第二轮洗2泵就能泡沫很丰富。洗完冲水就吹干是图片上的效果。头发不干摸着不涩，但也没觉得特别蓬。掉发还是正常量掉的，没有缓解。我只有洗来想的草本时掉发会缓解，也很蓬。
洗完吹干后香味不会太浓，能接受。头发洗过两天拿在鼻子上闻还是香的。因为最近天气又冷了又在家烤火刷手机。今天头顶已经有点小油了。最多再撑两天得洗。
送了两小瓶，一小瓶洗，一小瓶护。以后出门用用看护发素怎样。不过我现在的习惯是不用护发素，吹干直接抹点精油。护发素会假滑。头发不好的地方就等长长一点直接剪掉。
#蓬松洗发水[话题]# #洗发水测评[话题]#",https://www.xiaohongshu.com/explore/626e667e0000000021038e93?xsec_token=ABpHIDv5tjwjyCNUO-P-QSZIPwqutouQY69tnMgP1yh6k=&xsec_source=pc_search,,"""http://sns-img-hw.xhscdn.com/010251013m1jouksbgd0114gmov0f1w7vz!nd_dft_wlteh_jpg_3,http://sns-img-hw.xhscdn.com/010251013m1jouksbgd0114gmov1rpns7f!nd_dft_wlteh_jpg_3,http://sns-img-hw.xhscdn.com/010251013m1jouksbgd0114gmov2h4x6mc!nd_dft_wlteh_jpg_3,http://sns-img-hw.xhscdn.com/010251013m1jouksbgd0114gmov35fpict!nd_dft_wlteh_jpg_3,http://sns-img-hw.xhscdn.com/010251013m1jouksbgd0114gmov405n2ei!nd_dft_wlteh_jpg_3,http://sns-img-hw.xhscdn.com/010251013m1jouksbgd0114gmov59npka1!nd_dft_wlteh_jpg_3,http://sns-img-hw.xhscdn.com/010251013m1jouksbgd0114gmov6f30v11!nd_dft_wlteh_jpg_3,http://sns-img-hw.xhscdn.com/010251013m1jouksbgd0114gmov76j154c!nd_dft_wlteh_jpg_3,http://sns-img-hw.xhscdn.com/010251013m1jouksbgd0114gmov82h8oo0!nd_dft_wlteh_jpg_3""","""蓬松洗发水,洗发水测评""",55537c6567bc657646bd34fd,L小姐,9.0,5.0,6.0,0.0,"""[\""Aesop\""]""","""[\""Aesop丰盈洗发水\""]""","{""Aesop"": ""正向""}","{""Aesop丰盈洗发水"": [""巨蓬松"", ""显发量""]}",True,True,Aesop
420,丰盈蓬松洗发水,小红薯momo,77,6691dfbb0000000025005478,267.0,"🇯🇵
亲自背回
巨好用的资生堂洗发水
缺点太重 行李额有限‼️提前占坑
巨无霸大 用到天荒地老
银色：头皮生机 防脱蓬松
绿色：控油抑油 清凉舒适
好用！断货款！",normal,"🇯🇵
亲自背回
巨好用的资生堂洗发水
缺点太重 行李额有限‼️提前占坑
巨无霸大 用到天荒地老
银色：头皮生机 防脱蓬松
绿色：控油抑油 清凉舒适
好用！断货款！",https://www.xiaohongshu.com/explore/6691dfbb0000000025005478?xsec_token=ABZfAYOlW03ZvCM0Wte16w0gPm1uDxz4z5ZKB_ij2vjAw=&xsec_source=pc_search,,"""http://sns-img-hw.xhscdn.com/1040g00831564lstqgs2g5pfctre19ta00nbtl00!nd_dft_wlteh_jpg_3""",,65eceedc000000000500f540,康康mm591834096,407.0,204.0,243.0,176.0,"""[\""资生堂\""]""","""[\""资生堂洗发水\""]""","{""资生堂"": ""正向""}","{""资生堂"": [""巨好用"", ""防脱蓬松"", ""控油抑油"", ""断货款""]}",True,True,资生堂
421,丰盈蓬松洗发水,小红薯momo,78,68068d52000000001d01669a,268.0,细软塌人生洗发水🧴轻松get高颅顶！蓬得没边,video,"效果因人而异，理智种草多做功课
	
﻿#offrelax零压瓶[话题]#﻿
	
﻿#洗发水[话题]#﻿ ﻿#细软塌洗发水[话题]#﻿ ﻿#蓬松洗发水[话题]#﻿ ﻿#洗发水推荐[话题]# ﻿#护发心得分享[话题]# #护发心得[话题]#",https://www.xiaohongshu.com/explore/68068d52000000001d01669a?xsec_token=AB9uMfmeJe5rnwN2T-si2irL8NsSMUGNYNQ-hl6Sl8R1c=&xsec_source=pc_search,http://sns-video-bd.xhscdn.com/spectrum/1040g2f031gi2s74uj8005nd31ngg93rg7llekh8,"""http://sns-img-hw.xhscdn.com/spectrum/1040g34o31gi2sqhbjc0g5nd31ngg93rg81bmss8!nd_dft_wlteh_jpg_3""","""offrelax零压瓶,洗发水,细软塌洗发水,蓬松洗发水,洗发水推荐,护发心得分享,护发心得""",5da30de10000000001008f70,阿归归归w,497.0,149.0,105.0,17.0,"""[\""Off&Relax\""]""","""[\""Off&Relax零压瓶\""]""","{""Off&Relax"": ""正向""}","{""Off&Relax"": [""高颅顶"", ""蓬松"", ""细软塌专用""]}",True,True,Off&Relax
423,丰盈蓬松洗发水,小红薯momo,80,671856480000000021004886,270.0,细软塌 洗发水推荐！！！,normal,"本人20年细软塌经验 从小到大 就是这个头发哈 这个洗发水我也是看博主推荐的 说针对细软塌发质 就买回来试试 效果真的震惊我！！！
大学生不骗人（无广）！！！
图一是我2天没洗头的样子 就是隔一天洗一次 但是我们这种发质真的很烦恼啊 真的不想老洗头 本来头发就不多 啊啊啊啊啊
图二是昨天晚上刚刚洗完头的样子 感觉没有什么特别的地方 还以为跟其他洗发水一样的
图三就是我今天早上起床的样子 就梳了个头 我脸没洗牙还没有刷呢 震惊了 姐妹！！！
对了 用的是施华蔻的那个粉瓶 哇噻 震惊我 第一次用洗发水有这个效果！！！
我看看能坚持几天 再发哈！#油头洗发水[话题]# #细软塌头发蓬松秘诀[话题]# #细软塌[话题]#",https://www.xiaohongshu.com/explore/671856480000000021004886?xsec_token=ABB64uKR6n8AlCJ833lL1g-Y9xzzPo_lY_z3gk9s60Afc=&xsec_source=pc_search,,"""http://sns-img-hw.xhscdn.com/1040g2sg3199eor7ul8705onaa50lb1lq2jccus8!nd_dft_wlteh_jpg_3,http://sns-img-hw.xhscdn.com/1040g2sg3199eor7ul87g5onaa50lb1lq419pgho!nd_dft_wlteh_jpg_3,http://sns-img-hw.xhscdn.com/1040g2sg3199eor7ul8805onaa50lb1lq7200sj8!nd_dft_wlteh_jpg_3""","""油头洗发水,细软塌头发蓬松秘诀,细软塌""",62ea514100000000150186ba,番茄小羊卷,847.0,297.0,233.0,56.0,"""[\""施华蔻\""]""","""[\""施华蔻粉瓶洗发水\""]""","{""施华蔻"": ""正向""}","{""施华蔻"": [""效果震惊"", ""蓬松"", ""控油""]}",True,True,施华蔻
425,丰盈蓬松洗发水,小红薯momo,82,66810ef7000000001e012992,272.0,头发变成蓬松发量多的秘诀,video,头发从扁塌细软，变成蓬松发量多的秘诀 #洗发水 #弹动洗发水  @生物科技研究院,https://www.xiaohongshu.com/explore/66810ef7000000001e012992?xsec_token=ABLbPDt3nA6Uyo3HAYT10q9r7J5cjh0PFMXgCtjNp9SQ4=&xsec_source=pc_search,http://sns-video-bd.xhscdn.com/spectrum/1040g358314ln8j705q0g4a4050hfuvi06qqango,"""http://sns-img-hw.xhscdn.com/110/0/01e6810ed5920810001000000001906821fc50_0.jpg!nd_dft_wlteh_jpg_3""",,5aba62ff11be10295ed87e40,成分配方师林熹,11.0,11.0,4.0,1.0,"""[\""弹动\""]""","""[\""洗发水\""]""","{""弹动"": ""正向""}","{""弹动"": [""蓬松"", ""高级香味"", ""有效""]}",True,True,弹动
427,丰盈蓬松洗发水,小红薯momo,84,66a0826a000000000a025c8d,273.0,这香味已经是pro max！,normal,"美女味！！好香好好闻！！我不知道怎么形容，就感觉自己瞬间化身成苏菲玛索置身在夏日的南法果园中，身上的每一处都是腌入味的果香！柑橘香加一点薰衣草的味道！还夹杂这一丝丝淡淡海盐，好仙好自由！
	
这瓶馥绿德雅白珠洗发水！前调是淡淡的橙香，不甜腻，和植物草本香搭配起来也不冲突，猛吸一口好疗愈，一瞬间觉得洗头这件事居然是种享受！果然洗发水还得法国佬🇫🇷来做！
	
据说是法国贵妇姐姐人手一瓶的程度，防脱+控油都很厉害！洗完吹干特蓬松特扎实，这里面的小白珠是可以养护发根调理头皮环境的，太适合夏天了吧！爱出油又细软塌、贴头皮，一天不洗就一股头油味儿！！我拍着胸脯作证，保准你们一用一个不吱声！
	
洗的又干净又舒服就算了！而且还香蓬蓬的！固发也贼吊，0硅油敏皮放心用 洗完就是一整个大舒适！！！平时搭配他家的白珠护发素你就用吧，一用一个不吱声好吗？果然持证的就是厉害 这俩我真的服了！！！
	
下个月去海边度假的时候带着哈哈哈哈哈！我看谁说[生气R]我是秃头小宝贝！！！
#防脱[话题]##脱发[话题]# #育发[话题]# #洗发水[话题]# #护发[话题]# #馥绿德雅[话题]# #馥绿德雅白珠洗发水[话题]# #馥绿德雅防脱洗发水[话题]# #防脱洗发水[话题]##防脱洗发水推荐[话题]# #控油防脱洗发水[话题]# #洗发水蓬松控油[话题]##洗发水推荐控油蓬松防脱发[话题]# #夏日氛围[话题]# #美女氛围[话题]# #夏季旅游[话题]#",https://www.xiaohongshu.com/explore/66a0826a000000000a025c8d?xsec_token=ABs1XpIHvetCoYVT61wBHl_I5hQd4Wqb1jdt8G8CAYPLg=&xsec_source=pc_search,,"""http://sns-img-hw.xhscdn.com/1040g2sg315ke57glhe705p56op146uqojuerc3o!nd_dft_wlteh_jpg_3,http://sns-img-hw.xhscdn.com/1040g2sg315ke57glhe7g5p56op146uqosc9p0oo!nd_dft_wlteh_jpg_3,http://sns-img-hw.xhscdn.com/1040g2sg315ke57glhe805p56op146uqos7ngadg!nd_dft_wlteh_jpg_3""","""防脱,脱发,育发,洗发水,护发,馥绿德雅,馥绿德雅白珠洗发水,馥绿德雅防脱洗发水,防脱洗发水,防脱洗发水推荐,控油防脱洗发水,洗发水蓬松控油,洗发水推荐控油蓬松防脱发,夏日氛围,美女氛围,夏季旅游""",64a6c6420000000010037b58,胡辣汤小狗（刨坑版）,1586.0,871.0,183.0,162.0,"""[\""馥绿德雅\""]""","""[\""馥绿德雅白珠洗发水\""]""","{""馥绿德雅"": ""正向""}","{""馥绿德雅"": [""香味高级"", ""防脱控油"", ""蓬松扎实"", ""0硅油""]}",True,True,馥绿德雅
428,丰盈蓬松洗发水,小红薯momo,85,6789c8ef0000000019032839,274.0,终于用到了超好用的洗发水,normal,"每次澳洲的朋友回来，都必让他给我带Aesop！好用死了，洗完都感觉自带体香，头发很蓬松丰盈！
good！good！
off relax之前那个经典版用着一般，但这个锁发版的还挺好用的，清理地漏明显感觉掉发少了不少
施华蔻洗完也挺蓬松的！
maternatura岩蔷薇比施华蔻和Aesop都控油些，蓬松效果也不错
Alra是里面最便宜的一瓶，头皮痒了就洗它一段时间！#洗发水分享[话题]# #好用的洗发水[话题]#",https://www.xiaohongshu.com/explore/6789c8ef0000000019032839?xsec_token=ABZFbfCZG7XPV8CjfTEoLfahw3ks9sex6ydwNePolYFNs=&xsec_source=pc_search,,"""http://sns-img-hw.xhscdn.com/1040g00831co80mrv106g5ofq5ndk0p9nfuiuko0!nd_dft_wlteh_jpg_3""","""洗发水分享,好用的洗发水""",61fa2ddb0000000010006537,空白,28.0,13.0,2.0,4.0,"""[\""Aesop\"",\""Off&Relax\"",\""施华蔻\"",\""Maternatura\"",\""Alra\""]""","""[\""Aesop洗发水\"",\""Off&Relax锁发版\"",\""施华蔻洗发水\"",\""Maternatura岩蔷薇洗发水\"",\""Alra洗发水\""]""","{""Aesop"": ""正向"", ""Off&Relax"": ""正向"", ""施华蔻"": ""正向"", ""Maternatura"": ""正向"", ""Alra"": ""正向""}","{""Aesop"": [""自带体香"", ""蓬松丰盈""], ""Off&Relax"": [""掉发减少""], ""施华蔻"": [""蓬松"", ""温和""], ""Maternatura"": [""控油"", ""蓬松""], ""Alra"": [""缓解头皮痒""]}",True,True,Aesop
428,丰盈蓬松洗发水,小红薯momo,85,6789c8ef0000000019032839,274.0,终于用到了超好用的洗发水,normal,"每次澳洲的朋友回来，都必让他给我带Aesop！好用死了，洗完都感觉自带体香，头发很蓬松丰盈！
good！good！
off relax之前那个经典版用着一般，但这个锁发版的还挺好用的，清理地漏明显感觉掉发少了不少
施华蔻洗完也挺蓬松的！
maternatura岩蔷薇比施华蔻和Aesop都控油些，蓬松效果也不错
Alra是里面最便宜的一瓶，头皮痒了就洗它一段时间！#洗发水分享[话题]# #好用的洗发水[话题]#",https://www.xiaohongshu.com/explore/6789c8ef0000000019032839?xsec_token=ABZFbfCZG7XPV8CjfTEoLfahw3ks9sex6ydwNePolYFNs=&xsec_source=pc_search,,"""http://sns-img-hw.xhscdn.com/1040g00831co80mrv106g5ofq5ndk0p9nfuiuko0!nd_dft_wlteh_jpg_3""","""洗发水分享,好用的洗发水""",61fa2ddb0000000010006537,空白,28.0,13.0,2.0,4.0,"""[\""Aesop\"",\""Off&Relax\"",\""施华蔻\"",\""Maternatura\"",\""Alra\""]""","""[\""Aesop洗发水\"",\""Off&Relax锁发版\"",\""施华蔻洗发水\"",\""Maternatura岩蔷薇洗发水\"",\""Alra洗发水\""]""","{""Aesop"": ""正向"", ""Off&Relax"": ""正向"", ""施华蔻"": ""正向"", ""Maternatura"": ""正向"", ""Alra"": ""正向""}","{""Aesop"": [""自带体香"", ""蓬松丰盈""], ""Off&Relax"": [""掉发减少""], ""施华蔻"": [""蓬松"", ""温和""], ""Maternatura"": [""控油"", ""蓬松""], ""Alra"": [""缓解头皮痒""]}",True,True,Off&Relax
428,丰盈蓬松洗发水,小红薯momo,85,6789c8ef0000000019032839,274.0,终于用到了超好用的洗发水,normal,"每次澳洲的朋友回来，都必让他给我带Aesop！好用死了，洗完都感觉自带体香，头发很蓬松丰盈！
good！good！
off relax之前那个经典版用着一般，但这个锁发版的还挺好用的，清理地漏明显感觉掉发少了不少
施华蔻洗完也挺蓬松的！
maternatura岩蔷薇比施华蔻和Aesop都控油些，蓬松效果也不错
Alra是里面最便宜的一瓶，头皮痒了就洗它一段时间！#洗发水分享[话题]# #好用的洗发水[话题]#",https://www.xiaohongshu.com/explore/6789c8ef0000000019032839?xsec_token=ABZFbfCZG7XPV8CjfTEoLfahw3ks9sex6ydwNePolYFNs=&xsec_source=pc_search,,"""http://sns-img-hw.xhscdn.com/1040g00831co80mrv106g5ofq5ndk0p9nfuiuko0!nd_dft_wlteh_jpg_3""","""洗发水分享,好用的洗发水""",61fa2ddb0000000010006537,空白,28.0,13.0,2.0,4.0,"""[\""Aesop\"",\""Off&Relax\"",\""施华蔻\"",\""Maternatura\"",\""Alra\""]""","""[\""Aesop洗发水\"",\""Off&Relax锁发版\"",\""施华蔻洗发水\"",\""Maternatura岩蔷薇洗发水\"",\""Alra洗发水\""]""","{""Aesop"": ""正向"", ""Off&Relax"": ""正向"", ""施华蔻"": ""正向"", ""Maternatura"": ""正向"", ""Alra"": ""正向""}","{""Aesop"": [""自带体香"", ""蓬松丰盈""], ""Off&Relax"": [""掉发减少""], ""施华蔻"": [""蓬松"", ""温和""], ""Maternatura"": [""控油"", ""蓬松""], ""Alra"": [""缓解头皮痒""]}",True,True,施华蔻
428,丰盈蓬松洗发水,小红薯momo,85,6789c8ef0000000019032839,274.0,终于用到了超好用的洗发水,normal,"每次澳洲的朋友回来，都必让他给我带Aesop！好用死了，洗完都感觉自带体香，头发很蓬松丰盈！
good！good！
off relax之前那个经典版用着一般，但这个锁发版的还挺好用的，清理地漏明显感觉掉发少了不少
施华蔻洗完也挺蓬松的！
maternatura岩蔷薇比施华蔻和Aesop都控油些，蓬松效果也不错
Alra是里面最便宜的一瓶，头皮痒了就洗它一段时间！#洗发水分享[话题]# #好用的洗发水[话题]#",https://www.xiaohongshu.com/explore/6789c8ef0000000019032839?xsec_token=ABZFbfCZG7XPV8CjfTEoLfahw3ks9sex6ydwNePolYFNs=&xsec_source=pc_search,,"""http://sns-img-hw.xhscdn.com/1040g00831co80mrv106g5ofq5ndk0p9nfuiuko0!nd_dft_wlteh_jpg_3""","""洗发水分享,好用的洗发水""",61fa2ddb0000000010006537,空白,28.0,13.0,2.0,4.0,"""[\""Aesop\"",\""Off&Relax\"",\""施华蔻\"",\""Maternatura\"",\""Alra\""]""","""[\""Aesop洗发水\"",\""Off&Relax锁发版\"",\""施华蔻洗发水\"",\""Maternatura岩蔷薇洗发水\"",\""Alra洗发水\""]""","{""Aesop"": ""正向"", ""Off&Relax"": ""正向"", ""施华蔻"": ""正向"", ""Maternatura"": ""正向"", ""Alra"": ""正向""}","{""Aesop"": [""自带体香"", ""蓬松丰盈""], ""Off&Relax"": [""掉发减少""], ""施华蔻"": [""蓬松"", ""温和""], ""Maternatura"": [""控油"", ""蓬松""], ""Alra"": [""缓解头皮痒""]}",True,True,Maternatura
428,丰盈蓬松洗发水,小红薯momo,85,6789c8ef0000000019032839,274.0,终于用到了超好用的洗发水,normal,"每次澳洲的朋友回来，都必让他给我带Aesop！好用死了，洗完都感觉自带体香，头发很蓬松丰盈！
good！good！
off relax之前那个经典版用着一般，但这个锁发版的还挺好用的，清理地漏明显感觉掉发少了不少
施华蔻洗完也挺蓬松的！
maternatura岩蔷薇比施华蔻和Aesop都控油些，蓬松效果也不错
Alra是里面最便宜的一瓶，头皮痒了就洗它一段时间！#洗发水分享[话题]# #好用的洗发水[话题]#",https://www.xiaohongshu.com/explore/6789c8ef0000000019032839?xsec_token=ABZFbfCZG7XPV8CjfTEoLfahw3ks9sex6ydwNePolYFNs=&xsec_source=pc_search,,"""http://sns-img-hw.xhscdn.com/1040g00831co80mrv106g5ofq5ndk0p9nfuiuko0!nd_dft_wlteh_jpg_3""","""洗发水分享,好用的洗发水""",61fa2ddb0000000010006537,空白,28.0,13.0,2.0,4.0,"""[\""Aesop\"",\""Off&Relax\"",\""施华蔻\"",\""Maternatura\"",\""Alra\""]""","""[\""Aesop洗发水\"",\""Off&Relax锁发版\"",\""施华蔻洗发水\"",\""Maternatura岩蔷薇洗发水\"",\""Alra洗发水\""]""","{""Aesop"": ""正向"", ""Off&Relax"": ""正向"", ""施华蔻"": ""正向"", ""Maternatura"": ""正向"", ""Alra"": ""正向""}","{""Aesop"": [""自带体香"", ""蓬松丰盈""], ""Off&Relax"": [""掉发减少""], ""施华蔻"": [""蓬松"", ""温和""], ""Maternatura"": [""控油"", ""蓬松""], ""Alra"": [""缓解头皮痒""]}",True,True,Alra
432,丰盈蓬松洗发水,小红薯momo,89,682962a20000000023011dc3,278.0,玩这么大？蓬松届战神来咯！,normal,"油头+细软塌的崩溃谁懂…
以前洗完头第二天就开始塌
第三天直接糊成一片，试了无数控油洗发水
要么太拔干，要么洗完蓬松度还是差点意思
兜兜转转还是欧莱雅玻尿酸洗发水对我胃口
这次升级后更好用了～！
每次洗完以后高颅顶的快乐分分钟🈶！
-
我一开始以为只是换了个壳
结果成分上偷偷加了狠料！
✅双酸护肤级搭配——洗发水也卷成护肤品水准了！
洗感不是那种刺激型的
是那种非常细腻温和的“头皮小气泡清洁”感
油脂、脏东西一洗全被水杨酸带走
洗头时那个泡沫细腻得像洗脸一样，特别爽！
我以前洗完头发根总是黏黏的
现在洗完直接“支棱起来”
头皮干净得能听见风吹的声音哈哈哈！
控油洗发水一般都容易拔干
它不一样，加了高纯度玻尿酸直接给发丝biu了个水光的那种感觉
洗完头发柔顺不炸毛，发尾摸起来顺得不得了～
关键高颅顶真的显脸小哈哈哈哈，头包脸立马🈶！
而且发丝散发着蓝风铃的高级香气，好好闻呐
想抱住自己猛吸
-
而且618价格巨香！我已经加好购物车了！
趁活动闭眼入完全不亏～
控油+蓬松+养发！妥妥洗发水界的六边形选手！
#欧莱雅玻尿酸洗发水[话题]# #控油洗发水[话题]# #细软塌救星[话题]# #蓬松洗发水[话题]# #618洗护推荐[话题]##618[话题]# #618囤货[话题]# #618攻略[话题]#",https://www.xiaohongshu.com/explore/682962a20000000023011dc3?xsec_token=ABbSJQ4qOCOsHdQI8a8Bxo60tl7OtEBWSAbMCXe88zrAA=&xsec_source=pc_search,,"""http://sns-img-hw.xhscdn.com/notes_pre_post/1040g3k031hk3gk0jj8004a7j757fuqpfua0eb8g!nd_dft_wlteh_jpg_3,http://sns-img-hw.xhscdn.com/notes_pre_post/1040g3k031hk3gk0k38004a7j757fuqpf172ck10!nd_dft_wlteh_jpg_3,http://sns-img-hw.xhscdn.com/notes_pre_post/1040g3k031hk3gk0k380g4a7j757fuqpfgv8h31g!nd_dft_wlteh_jpg_3,http://sns-img-hw.xhscdn.com/notes_pre_post/1040g3k031hk3gk0k38104a7j757fuqpfpt1glkg!nd_dft_wlteh_jpg_3,http://sns-img-hw.xhscdn.com/notes_pre_post/1040g3k031hk3gk0k381g4a7j757fuqpflecmh18!nd_dft_wlteh_jpg_3,http://sns-img-hw.xhscdn.com/notes_pre_post/1040g3k031hk3gk0k38204a7j757fuqpffm30dl0!nd_dft_wlteh_jpg_3,http://sns-img-hw.xhscdn.com/notes_pre_post/1040g3k031hk3gk0k382g4a7j757fuqpf7a9g1q0!nd_dft_wlteh_jpg_3,http://sns-img-hw.xhscdn.com/notes_pre_post/1040g3k031hk3gk0k38304a7j757fuqpfjdiadg8!nd_dft_wlteh_jpg_3,http://sns-img-hw.xhscdn.com/notes_pre_post/1040g3k031hk3gk0k383g4a7j757fuqpfcpcv86g!nd_dft_wlteh_jpg_3""","""欧莱雅玻尿酸洗发水,控油洗发水,细软塌救星,蓬松洗发水,618洗护推荐,618,618囤货,618攻略""",5b5b0eff4eacab7c25d66b2f,小羊羔崽子,429.0,53.0,13.0,6.0,"""[\""欧莱雅\""]""","""[\""欧莱雅玻尿酸洗发水\""]""","{""欧莱雅"": ""正向""}","{""欧莱雅"": [""升级配方"", ""细腻温和"", ""控油蓬松"", ""水光感"", ""高级香气""]}",True,True,欧莱雅
433,丰盈蓬松洗发水,小红薯momo,90,6551fc4e000000001b00fafc,279.0,这款洗发水谁用谁后悔……,normal,"如图所示，我已经用了大半瓶了，现在来说说我的使用感受。
我是看博主推荐的，她说用了头发很蓬松，然后我就入手了。
我第一次用的时候对于蓬松这个效果我的第一反应就是“它蓬松的原理就是控油啊，那我随便买个控油洗发水不一样么”
为什么这么想，是因为洗完头发很干，拧干头发时手与头发的摩擦力很大，大家懂我意思吧，所以它一定要搭配护发素，头发才会顺。当然我是懒比，我不用护发素个发膜那些，所以以下的问题全是它引起的，赖不到别的产品上。
首先，它的蓬松效果很一般，跟一般洗发水没区别。其次，我上面不是说用它很干嘛，可是它也不控油，我头发油的速度还是和平常一样，晚上洗了以后，第三天早上起来就油了。
最重要一点是！！！它很干，所以我头皮也很干，它轻轻一扣就油头皮屑，有时候甚至不用扣，一照镜子，两鬓全是头皮屑。它让我在这个点就在安徽看到雪，我真的哭死！
以上就是我的感受，大家买之前斟酌斟酌吧，有的人可能用完觉得很好，我只能说使用感受这东西因人而异，不知道有没有姐妹跟我一样。
大家想买可以先买小样试试看，毕竟这玩意儿在众多洗发水里算贵的，说实话在我看来没啥性价比，难用死了。
至于有没有别的好用的洗发水，我也在摸索当中，大家有没有好用的洗发水推荐推荐，拜托拜托[萌萌哒R][萌萌哒R][萌萌哒R] 真的要为头发愁死了[失望R]
#好用洗发水[话题]# #洗发水测评[话题]# #油头洗发水[话题]# #好物分享[话题]# #避雷[话题]# #施华蔻[话题]# #洗发水[话题]# #网购避雷[话题]#",https://www.xiaohongshu.com/explore/6551fc4e000000001b00fafc?xsec_token=ABUhMo15MZsjngZKoQNipmilQyto6RCX4il4ZgnnPNu_M=&xsec_source=pc_search,,"""http://sns-img-hw.xhscdn.com/1040g00830rdo9cj51e005n91g4pkgk5gft0ceg0!nd_dft_wlteh_jpg_3,http://sns-img-hw.xhscdn.com/1040g00830rdo9cj51e0g5n91g4pkgk5gkoh8j00!nd_dft_wlteh_jpg_3""","""好用洗发水,洗发水测评,油头洗发水,好物分享,避雷,施华蔻,洗发水,网购避雷""",5d21813300000000120050b0,薛薛,464.0,51.0,160.0,76.0,"""[\""施华蔻\""]""","""[\""施华蔻蓬松洗发水\""]""","{""施华蔻"": ""负向""}","{""施华蔻"": [""性价比低"", ""头皮干燥"", ""头屑问题"", ""效果不明显""]}",True,True,施华蔻
434,丰盈蓬松洗发水,小红薯momo,91,681ca6c6000000002301550d,280.0,"其他都挺好,就是......",normal,"随手在超市买的KONO洗发水,有点超乎期待了,洗完有点惊艳到我了
洗完控油蓬松,香味也好高级,整个浴室都是高级的木质香~
这些都挺好的,就是洗发水的流动性太强,挤到手里要快速上头,洗澡的体验感不是很好
#KONO洗发水[话题]##香味高级[话题]##惊艳[话题]##洗澡体验[话题]#",https://www.xiaohongshu.com/explore/681ca6c6000000002301550d?xsec_token=ABgC4zhADpTYweL03WjF8Wfq4a6YW4n8OXjwEQmRBfSVo=&xsec_source=pc_search,,"""http://sns-img-hw.xhscdn.com/notes_pre_post/1040g3k031h7liughko605q0rd351o278eft7bqg!nd_dft_wlteh_jpg_3""","""KONO洗发水,香味高级,惊艳,洗澡体验""",681b68ca00000000070008e8,小婷婷,3.0,3.0,1.0,0.0,"""[\""KONO\""]""","""[\""洗发水\""]""","{""KONO"": ""正向""}","{""KONO"": [""控油蓬松"", ""香味高级"", ""流动性过强""]}",True,True,KONO
436,丰盈蓬松洗发水,小红薯momo,93,67ed0acf000000001a005825,282.0,在🇸🇬居然有油头星人可以三天不洗头？,normal,"家人们谁懂啊，在新加坡出门5分钟=蒸桑拿1小时！刘海直接开衩，发缝宽到能插秧，本油头真的哭死！
	
以下是本人的长期复购好物，🈚广🈚广🈚广!
	
🌟科颜氏椰香：
这款俺尊的觉得是约会小心机+10086！能够洗出在海边🥥林既视感，泡沫像椰奶慕斯，吹干留香持久，适合dating前一用哦～
	
🌟科颜氏大米丰盈：
这是我的""细软塌救星！洗完发根支棱到能戳破天花板，发量瞬间翻倍不是梦！""
	
🌟卡诗元气姜粉：
""每次洗都像给毛囊做马杀鸡！姜辣素冲头瞬间清醒，吹干直接get高颅顶，连Tony都问我是不是接了发！""
	
🌟卡诗灰色去屑：
""马拉色菌退退退！洗完像给头皮敷了冰膜，头屑星人终于敢穿黑衣服了！
#油头救星[话题]# #洗发水控油蓬松[话题]# #油头洗发水[话题]# #超赞的洗发水[话题]# #新加坡生活[话题]# #油头救星[话题]# #卡诗洗发水[话题]# #科颜氏洗发水[话题]# #南洋护肤[话题]#  #洗发水测评[话题]# #头发出油有味[话题]# #护发好物[话题]# #护发养发[话题]# #控油蓬松[话题]# #头油[话题]# #护发[话题]# #油性发质[话题]# #洗发[话题]# #🇸🇬[话题]#",https://www.xiaohongshu.com/explore/67ed0acf000000001a005825?xsec_token=ABSdcq87zx1zi7bBLEFFvu1YvYb50-UEOZ77W0FAZsCfg=&xsec_source=pc_search,,"""http://sns-img-hw.xhscdn.com/1040g2sg31fp5jo6mg6a05o88qlo084gpp61nbhg!nd_dft_wlteh_jpg_3,http://sns-img-hw.xhscdn.com/1040g2sg31fp5jo6mg6b05o88qlo084gp6vd9gug!nd_dft_wlteh_jpg_3,http://sns-img-hw.xhscdn.com/1040g2sg31fp5jo6mg6d05o88qlo084gpabv2df8!nd_dft_wlteh_jpg_3,http://sns-img-hw.xhscdn.com/1040g2sg31fp5jo6mg6bg5o88qlo084gpnou32ig!nd_dft_wlteh_jpg_3,http://sns-img-hw.xhscdn.com/1040g2sg31fp5jo6mg67g5o88qlo084gppboleao!nd_dft_wlteh_jpg_3,http://sns-img-hw.xhscdn.com/1040g2sg31fp5jo6mg6cg5o88qlo084gpedlsog8!nd_dft_wlteh_jpg_3,http://sns-img-hw.xhscdn.com/1040g2sg31fp5jo6mg6c05o88qlo084gpd2acg38!nd_dft_wlteh_jpg_3""","""油头救星,洗发水控油蓬松,油头洗发水,超赞的洗发水,新加坡生活,卡诗洗发水,科颜氏洗发水,南洋护肤,洗发水测评,头发出油有味,护发好物,护发养发,控油蓬松,头油,护发,油性发质,洗发,🇸🇬""",6108d5700000000001001219,Ariel,169.0,114.0,11.0,9.0,"""[\""科颜氏\"",\""卡诗\""]""","""[\""科颜氏椰香洗发水\"",\""科颜氏大米丰盈洗发水\"",\""卡诗元气姜粉洗发水\"",\""卡诗灰色去屑洗发水\""]""","{""科颜氏"": ""正向"", ""卡诗"": ""正向""}","{""科颜氏"": [""椰香慕斯泡沫"", ""发量翻倍"", ""约会神器""], ""卡诗"": [""去屑效果强"", ""高颅顶"", ""头皮清凉感""]}",True,True,科颜氏
436,丰盈蓬松洗发水,小红薯momo,93,67ed0acf000000001a005825,282.0,在🇸🇬居然有油头星人可以三天不洗头？,normal,"家人们谁懂啊，在新加坡出门5分钟=蒸桑拿1小时！刘海直接开衩，发缝宽到能插秧，本油头真的哭死！
	
以下是本人的长期复购好物，🈚广🈚广🈚广!
	
🌟科颜氏椰香：
这款俺尊的觉得是约会小心机+10086！能够洗出在海边🥥林既视感，泡沫像椰奶慕斯，吹干留香持久，适合dating前一用哦～
	
🌟科颜氏大米丰盈：
这是我的""细软塌救星！洗完发根支棱到能戳破天花板，发量瞬间翻倍不是梦！""
	
🌟卡诗元气姜粉：
""每次洗都像给毛囊做马杀鸡！姜辣素冲头瞬间清醒，吹干直接get高颅顶，连Tony都问我是不是接了发！""
	
🌟卡诗灰色去屑：
""马拉色菌退退退！洗完像给头皮敷了冰膜，头屑星人终于敢穿黑衣服了！
#油头救星[话题]# #洗发水控油蓬松[话题]# #油头洗发水[话题]# #超赞的洗发水[话题]# #新加坡生活[话题]# #油头救星[话题]# #卡诗洗发水[话题]# #科颜氏洗发水[话题]# #南洋护肤[话题]#  #洗发水测评[话题]# #头发出油有味[话题]# #护发好物[话题]# #护发养发[话题]# #控油蓬松[话题]# #头油[话题]# #护发[话题]# #油性发质[话题]# #洗发[话题]# #🇸🇬[话题]#",https://www.xiaohongshu.com/explore/67ed0acf000000001a005825?xsec_token=ABSdcq87zx1zi7bBLEFFvu1YvYb50-UEOZ77W0FAZsCfg=&xsec_source=pc_search,,"""http://sns-img-hw.xhscdn.com/1040g2sg31fp5jo6mg6a05o88qlo084gpp61nbhg!nd_dft_wlteh_jpg_3,http://sns-img-hw.xhscdn.com/1040g2sg31fp5jo6mg6b05o88qlo084gp6vd9gug!nd_dft_wlteh_jpg_3,http://sns-img-hw.xhscdn.com/1040g2sg31fp5jo6mg6d05o88qlo084gpabv2df8!nd_dft_wlteh_jpg_3,http://sns-img-hw.xhscdn.com/1040g2sg31fp5jo6mg6bg5o88qlo084gpnou32ig!nd_dft_wlteh_jpg_3,http://sns-img-hw.xhscdn.com/1040g2sg31fp5jo6mg67g5o88qlo084gppboleao!nd_dft_wlteh_jpg_3,http://sns-img-hw.xhscdn.com/1040g2sg31fp5jo6mg6cg5o88qlo084gpedlsog8!nd_dft_wlteh_jpg_3,http://sns-img-hw.xhscdn.com/1040g2sg31fp5jo6mg6c05o88qlo084gpd2acg38!nd_dft_wlteh_jpg_3""","""油头救星,洗发水控油蓬松,油头洗发水,超赞的洗发水,新加坡生活,卡诗洗发水,科颜氏洗发水,南洋护肤,洗发水测评,头发出油有味,护发好物,护发养发,控油蓬松,头油,护发,油性发质,洗发,🇸🇬""",6108d5700000000001001219,Ariel,169.0,114.0,11.0,9.0,"""[\""科颜氏\"",\""卡诗\""]""","""[\""科颜氏椰香洗发水\"",\""科颜氏大米丰盈洗发水\"",\""卡诗元气姜粉洗发水\"",\""卡诗灰色去屑洗发水\""]""","{""科颜氏"": ""正向"", ""卡诗"": ""正向""}","{""科颜氏"": [""椰香慕斯泡沫"", ""发量翻倍"", ""约会神器""], ""卡诗"": [""去屑效果强"", ""高颅顶"", ""头皮清凉感""]}",True,True,卡诗
437,丰盈蓬松洗发水,小红薯momo,94,66bf6a94000000001e018a86,283.0,击毙细软塌，还我妈生高颅顶！,normal,"油皮的痛谁懂啊家人们！夏天都快过去了，脸上的油还在红温区。头皮脸皮一张皮，脸上爆油头上的油自然也是井喷大爆发。光靠高频洗头去油，有可能陷入越洗越油的恶性循环，而且强控油洗发水会越洗越油，也不可取。但放任不管，长期油脂分泌过量，结果一定是走上堵塞毛孔，影响毛囊生长期，脱发细软的不归路。
-
正确思路是先清洁再补水，适度控油的同时保持水油平衡。
-
其实完全可以参考护肤控油的思路，针对咱的头皮。欧莱雅，一个护肤实力咖对付小小头皮，那真是轻而易举！把小分子果酸和99%高纯度玻尿酸安排进欧莱雅玻尿酸洗发水里，让头皮和头发双重养护，头发蓬松度直接拉满！细软塌一整个拜拜了您内！
-
认真了解一下就不难发现，这个洗发水成分看似简单，但真的很考验配方师功力。果酸本身就属于小分子酸，欧娘娘更进一步用小分子果酸，让毛囊深处都能被渗透，一方面清洁多余油脂，清洁但不过分清洁，尺度拿捏得刚刚好。
-
99%高纯度玻尿酸在洗护领域真是难得一见，虽然在填充发丝饱满度，补充水分光泽方面确实厉害得一批，但一般牌子根本舍不得用。欧娘娘不愧是大牌，财大气粗，有东西你是真给！
-
用完夏天顶着四十度的高温出去走一圈，头发还是很蓬松，妈生高颅顶就这么水灵灵地扎根了！一泵稍微搓一下轻松出来绵密泡沫，蓝风铃香还很清新，这是这个价格能拥有的享受吗！
#欧莱雅玻尿酸洗发水[话题]# #欧莱雅洗发水[话题]# #控油洗发水[话题]# #油扁塌[话题]#",https://www.xiaohongshu.com/explore/66bf6a94000000001e018a86?xsec_token=ABNWJ7-TeMPqvlLpC5273V1C_SuXWArPc5e-aRfCL4XFQ=&xsec_source=pc_search,,"""http://sns-img-hw.xhscdn.com/1040g008316q1e2e9k62g5n1g8km1qn8fofv06tg!nd_dft_wlteh_jpg_3,http://sns-img-hw.xhscdn.com/1040g2sg316iia5ohhe905n1g8km1qn8fir3a4g8!nd_dft_wlteh_jpg_3,http://sns-img-hw.xhscdn.com/1040g2sg316iia5ohhe9g5n1g8km1qn8fa0ic94g!nd_dft_wlteh_jpg_3,http://sns-img-hw.xhscdn.com/1040g2sg316iia5ohhea05n1g8km1qn8fr0ep63g!nd_dft_wlteh_jpg_3,http://sns-img-hw.xhscdn.com/1040g2sg316iia5ohheag5n1g8km1qn8fav9v018!nd_dft_wlteh_jpg_3""","""欧莱雅玻尿酸洗发水,欧莱雅洗发水,控油洗发水,油扁塌""",5c30452c0000000007015d0f,扒成分的桃皮er,847.0,171.0,47.0,7.0,"""[\""欧莱雅\""]""","""[\""欧莱雅玻尿酸洗发水\""]""","{""欧莱雅"": ""正向""}","{""欧莱雅"": [""水油平衡"", ""毛囊渗透"", ""高温持久蓬松"", ""清新香气""]}",True,True,欧莱雅
439,丰盈蓬松洗发水,小红薯momo,96,654093db0000000025014216,284.0,卡诗元气姜Vs施华蔻？？,normal,"🌸再次申明本人是细软塌易油发质哦！
去年双十一购入了卡诗的元气姜系列。
使用感受是抗油和蓬松度的确不错。
🌸施华蔻丰盈韧养和卡诗元气姜洗发水作为同类型洗发水并且都针对细软塌发质，不一样的是卡诗的价格贵了两倍不止❗
🌸卡诗抗油程度，蓬松度，起泡度都是略＞施华蔻的。
但是施华蔻蓬松度去油度各方面真的做的不错。所以想买卡诗平替的可以放心入它！我觉得快接近卡诗了，少一半的价格真的很香！
#卡诗洗发水[话题]# #施华蔻洗发水[话题]# #头发扁塌必入蓬松洗发水[话题]# #细软塌[话题]# #好物分享[话题]#
@小红书创作助手 @小红书成长笔记 @小红书体验站",https://www.xiaohongshu.com/explore/654093db0000000025014216?xsec_token=ABShPJXpavAAvC8cSgEW7WpXV_fK2lfOFCaP04Fp9ycEU=&xsec_source=pc_search,,"""http://sns-img-hw.xhscdn.com/1040g00830qso9cfm10005niramng96fl0bpc1uo!nd_dft_wlteh_jpg_3,http://sns-img-hw.xhscdn.com/1040g00830qso9cfm100g5niramng96fl26kemcg!nd_dft_wlteh_jpg_3""","""卡诗洗发水,施华蔻洗发水,头发扁塌必入蓬松洗发水,细软塌,好物分享""",5e5b55af00000000010099f5,Bayayaya,42.0,16.0,6.0,6.0,"""[\""卡诗\"",\""施华蔻\""]""","""[\""卡诗元气姜洗发水\"",\""施华蔻丰盈韧养洗发水\""]""","{""卡诗"": ""正向"", ""施华蔻"": ""正向""}","{""卡诗"": [""抗油强"", ""价格高""], ""施华蔻"": [""平价替代"", ""接近卡诗效果""]}",True,True,卡诗
439,丰盈蓬松洗发水,小红薯momo,96,654093db0000000025014216,284.0,卡诗元气姜Vs施华蔻？？,normal,"🌸再次申明本人是细软塌易油发质哦！
去年双十一购入了卡诗的元气姜系列。
使用感受是抗油和蓬松度的确不错。
🌸施华蔻丰盈韧养和卡诗元气姜洗发水作为同类型洗发水并且都针对细软塌发质，不一样的是卡诗的价格贵了两倍不止❗
🌸卡诗抗油程度，蓬松度，起泡度都是略＞施华蔻的。
但是施华蔻蓬松度去油度各方面真的做的不错。所以想买卡诗平替的可以放心入它！我觉得快接近卡诗了，少一半的价格真的很香！
#卡诗洗发水[话题]# #施华蔻洗发水[话题]# #头发扁塌必入蓬松洗发水[话题]# #细软塌[话题]# #好物分享[话题]#
@小红书创作助手 @小红书成长笔记 @小红书体验站",https://www.xiaohongshu.com/explore/654093db0000000025014216?xsec_token=ABShPJXpavAAvC8cSgEW7WpXV_fK2lfOFCaP04Fp9ycEU=&xsec_source=pc_search,,"""http://sns-img-hw.xhscdn.com/1040g00830qso9cfm10005niramng96fl0bpc1uo!nd_dft_wlteh_jpg_3,http://sns-img-hw.xhscdn.com/1040g00830qso9cfm100g5niramng96fl26kemcg!nd_dft_wlteh_jpg_3""","""卡诗洗发水,施华蔻洗发水,头发扁塌必入蓬松洗发水,细软塌,好物分享""",5e5b55af00000000010099f5,Bayayaya,42.0,16.0,6.0,6.0,"""[\""卡诗\"",\""施华蔻\""]""","""[\""卡诗元气姜洗发水\"",\""施华蔻丰盈韧养洗发水\""]""","{""卡诗"": ""正向"", ""施华蔻"": ""正向""}","{""卡诗"": [""抗油强"", ""价格高""], ""施华蔻"": [""平价替代"", ""接近卡诗效果""]}",True,True,施华蔻
440,丰盈蓬松洗发水,小红薯momo,97,6630d6fe000000001e01bc88,285.0,油头真实测评—澳丝蓬松丰盈洗发水,video,是哪位小可爱要的这款洗发水的测评呢？它来了哟，希望对你们有帮助，啾咪啾咪[飞吻R][飞吻R][飞吻R]！最后祝大家五一快乐，天天开心！（以上只针对我的头皮头发情况哦，具体效果还是要到您头发上去试哈）#洗发水测评[话题]# #洗发露[话题]# #油头洗发水[话题]# #洗护[话题]# #五一[话题]# #有想法轻松发[话题]# #油头[话题]# #油头洗发水[话题]#,https://www.xiaohongshu.com/explore/6630d6fe000000001e01bc88?xsec_token=ABC3HVQ7YvyNWv7IYF1GeUKj9G3hqY-qGdHq5loKWJB_g=&xsec_source=pc_search,http://sns-video-bd.xhscdn.com/1040g00g3127cc6osko6g5peqscf1e4667od9r38,"""http://sns-img-hw.xhscdn.com/1040g2sg3127cf6ij4o505peqscf1e466ros6v6o!nd_dft_wlteh_jpg_3""","""洗发水测评,洗发露,油头洗发水,洗护,五一,有想法轻松发,油头""",65dae31e00000000050310c6,油发小瓜瓜,58.0,11.0,17.0,1.0,"""[\""澳丝\""]""","""[\""澳丝蓬松丰盈洗发水\""]""","{""澳丝"": ""中立""}","{""澳丝"": [""测评参考"", ""控油效果一般"", ""使用体验因人而异""]}",True,True,澳丝
443,丰盈蓬松洗发水,小红薯momo,100,66c5913b000000001f015c34,288.0,爆蓬松 爆蓬松啊啊啊啊啊啊！！！！！！！,normal,"和我一样头顶巨油、发尾巨干的细软塌
别再只用超强控油洗发水了！！！！
offrelax新出的这个蓬松洗发水2.0
恰到好处的控油力！吊到极致的蓬松力
细软扁塌直接爆改蓬松高颅顶
如果你喜欢发根挺立 发丝轻盈的氛围感
这个用一次就会安利朋友一次
第一次是看到章若楠的的自用分享
当时已经买了别家的控油款 就没考虑
后来发现过度控油会让发质失去水分
再加上被粉丝反向安利了这个蓬松清爽款2.0
以及刷郭碧婷护发vlog里用的也是这个
默默打开购物软件。。
-
发现在offrelax蓬松洗发水1.0已很牛的蓬松力上
又又又加入了洗护黑科技Si-Fi离子蓬松术
原理我也看不懂 但感觉很牛果断入手
用下来感受很直观 比玉米夹假发片还好用！！
洗完颅顶直接给我垫高了2厘米
清爽蓬松高颅顶像定在脑袋上了！！！！
而且洗完没有其他控油洗发水的干涩感
竟然真的做到了让发根蓬松、发丝柔顺
	
#蓬松洗发水[话题]# #offrelax蓬松洗发水[话题]# #洗发水推荐[话题]# #连发丝都是自由的[话题]# #洗护黑科技[话题]# #我要美上头条[话题]# #offrelax[话题]#",https://www.xiaohongshu.com/explore/66c5913b000000001f015c34?xsec_token=ABr7td_Zpdho0C4o2y27WPv7XJNcMbFxeqQrHZQBvq0RA=&xsec_source=pc_search,,"""http://sns-img-hw.xhscdn.com/1040g008316ok6tb93c005os75h77rktd2tedli0!nd_dft_wlteh_jpg_3,http://sns-img-hw.xhscdn.com/1040g008316ok6tb93c0g5os75h77rktdk9e2nhg!nd_dft_wlteh_jpg_3""","""蓬松洗发水,offrelax蓬松洗发水,洗发水推荐,连发丝都是自由的,洗护黑科技,我要美上头条,offrelax""",63872c4e000000001f01d3ad,pppiu,1182.0,562.0,212.0,73.0,"""[\""offrelax\""]""","""[\""offrelax蓬松洗发水2.0\""]""","{""offrelax"": ""正向""}","{""offrelax"": [""爆蓬松"", ""清爽"", ""高颅顶"", ""黑科技"", ""轻盈""]}",True,True,offrelax
444,丰盈蓬松洗发水,小红薯momo,101,61cacd2a000000000102d4bd,289.0,吕本源系列丰盈蓬松洗发水,normal,"🌸在小红书上种草的洗发水，这个系列的洗发水一共有两款，买之前一直纠结买绿瓶的丰盈蓬松洗发水，还是另一款的生姜固发洗发水。
🌸纠结的主要原因是香味，绿瓶描述说是香槟味，这就让我一个从来不喝酒的人很迷惑，香槟味是啥味道呀？但生姜款又说是生姜+玫瑰味，呃，我个人还是不大喜欢生姜味，所以最终还是买了绿瓶。@爱茉莉个护官方 香味描述这点希望改善下。
🌸结果买回来拧开一闻，发现绿瓶的味道是橘子皮的味道？？[笑哭R]当下是有点失望的，幸好它洗完后不是一头橘子皮味，基本没什么留香，起码比起黑吕那种洗完后浓郁的人参香味要淡很多。
🌸排除香味问题，我对这个洗发水整体是很满意的，主要是它的洗感很优秀，一般丰盈蓬松类的洗发水，洗感都会偏涩，尤其第一遍洗基本不起泡，冲水又涩容易掉头发，吹干后蓬松是蓬松，但细软发又容易炸毛，比如欧莱雅那个玻尿酸的紫瓶洗发水，就是这种典型。
🌸但吕这个洗发水第一遍洗泡沫就很丰富绵密，冲水顺滑，不用护发素吹干后蓬松头皮清爽，细软发又不会蓬松到炸毛，用了自己配的护发素后效果更棒，最重要是不会出现其他蓬松洗发水那种过度控油，导致刚洗完头皮干爽，没多久就出油干痒的情况。
🌸ps：之前用欧莱雅玻尿酸洗发水，洗头发掉头发，吹头发的时候又掉一地，搞到我超级焦虑，还以为是自己身体出了问题，结果是洗发水问题[捂脸R]",https://www.xiaohongshu.com/explore/61cacd2a000000000102d4bd?xsec_token=ABZAmeCaMx4dCcg3mBF-gwEtsC3Hr07jQ_FbgU8YMLOM4=&xsec_source=pc_search,,"""http://sns-img-hw.xhscdn.com/95c72259-e89e-3db7-9441-a7d0e3498c8a!nd_dft_wlteh_jpg_3""",,5be2d76fefe02500012500b3,喵了个咪,13.0,9.0,9.0,1.0,"""[\""吕本源\""]""","""[\""吕本源丰盈蓬松洗发水\"",\""吕本源生姜固发洗发水\""]""","{""吕本源"": ""正向""}","{""吕本源丰盈蓬松洗发水"": [""泡沫丰富"", ""顺滑"", ""蓬松不炸毛"", ""不掉发""], ""吕本源生姜固发洗发水"": [""香味偏好不明确""]}",True,True,吕本源
445,丰盈蓬松洗发水,小红薯momo,102,66eefffe00000000120133c2,290.0,杨超越 这真的是人用的吗。。。,normal,"油扁塌的神，用一次就被惊艳到！！！洗一次蓬三天，终于知道高颅顶的快乐了！！！再加上一头有光泽的绸缎发，氛围感那味彻彻底底被姐拿捏！！
#弹动[话题]# #弹动8分钟鱼子酱洗发水[话题]# #洗发水[话题]# #高颅顶[话题]# #蓬松[话题]# #洗发水推荐[话题]#",https://www.xiaohongshu.com/explore/66eefffe00000000120133c2?xsec_token=ABoNd3A9w19sMPEHFKihBqQbD0P9M_B9Q0fiVkx9pl0Rk=&xsec_source=pc_search,,"""http://sns-img-hw.xhscdn.com/1040g2sg31bsgp8sg0mc05pb39g1gmt2avgr4gh8!nd_dft_wlteh_jpg_3""","""弹动,弹动8分钟鱼子酱洗发水,洗发水,高颅顶,蓬松,洗发水推荐""",65634c03000000000203744a,阿琪崽崽great,665.0,636.0,3.0,80.0,"""[\""弹动\""]""","""[\""弹动8分钟鱼子酱洗发水\""]""","{""弹动"": ""正向""}","{""弹动8分钟鱼子酱洗发水"": [""蓬松持久"", ""高颅顶"", ""光泽感"", ""氛围感""]}",True,True,弹动
446,丰盈蓬松洗发水,小红薯momo,103,67239fb1000000001d039e13,291.0,好物分享：多芬空气丰盈保湿洗发露,normal,"这个洗发露是我逛山姆的时候盲买的，3瓶120块钱，让我非常惊喜，味道非常非常好闻，是那种清新淡雅的香味，是让我后续不想再用护发素了，担心会掩盖了洗发水的味道，洗起来泡沫很绵密，0硅油，洗完感觉头皮很清爽[赞R]
#爱用物分享[话题]# #平价洗发水[话题]# #洗发露[话题]# #洗发水推荐[话题]# #多芬空气丰盈保湿洗发水[话题]#",https://www.xiaohongshu.com/explore/67239fb1000000001d039e13?xsec_token=ABtNEJGA3ftKpzpbdgCykeTsUEMUy5rFntXGkr-fsf-Lc=&xsec_source=pc_search,,"""http://sns-img-hw.xhscdn.com/1040g2sg319kffi9k7a0049ukgm6tsib6tnqi2jg!nd_dft_wlteh_jpg_3,http://sns-img-hw.xhscdn.com/1040g2sg319kffi9k7a0g49ukgm6tsib69rli3f8!nd_dft_wlteh_jpg_3""","""爱用物分享,平价洗发水,洗发露,洗发水推荐,多芬空气丰盈保湿洗发水""",59e68dde11be10224e6d4966,科科,33.0,11.0,6.0,5.0,"""[\""多芬\""]""","""[\""多芬空气丰盈保湿洗发露\""]""","{""多芬"": ""正向""}","{""多芬空气丰盈保湿洗发露"": [""香味清新"", ""泡沫绵密"", ""0硅油"", ""清爽""]}",True,True,多芬
451,丰盈蓬松洗发水,小红薯momo,108,67f4b905000000001b03e9a4,295.0,细软塌控油+蓬松👉馥绿德雅,normal,"本人细软塌发质😅，趁着有活动就入手了馥绿德雅绿珠，洗完感觉发根很清爽。香味是清新自然的那种！！一直不喜欢味道能浓的这款就刚刚好！！吹干后头发的蓬松度也不错。细软塌可入，推荐~
#馥绿德雅[话题]# #洗发水分享[话题]# #细软堨发质[话题]#  #控油[话题]#",https://www.xiaohongshu.com/explore/67f4b905000000001b03e9a4?xsec_token=ABIK9i_ufQDMe647ieYIUEqVrTtvjLPAzUZo_AJQIbSCk=&xsec_source=pc_search,,"""http://sns-img-hw.xhscdn.com/notes_pre_post/1040g3k831g0loqn20070400q0r7k0ib51vkbde8!nd_dft_wlteh_jpg_3,http://sns-img-hw.xhscdn.com/notes_pre_post/1040g3k831g0loqn2007g400q0r7k0ib5o8gd2mo!nd_dft_wlteh_jpg_3,http://sns-img-hw.xhscdn.com/notes_pre_post/1040g3k831g0loqn20080400q0r7k0ib5581r7s0!nd_dft_wlteh_jpg_3""","""馥绿德雅,洗发水分享,细软堨发质,控油""",5481cf40d6e4a97d87e04965,波栗海苔,30.0,5.0,3.0,6.0,"""[\""馥绿德雅\""]""","""[\""馥绿德雅绿珠洗发水\""]""","{""馥绿德雅"": ""正向""}","{""馥绿德雅绿珠洗发水"": [""发根清爽"", ""蓬松度佳"", ""香味自然""]}",True,True,馥绿德雅
452,丰盈蓬松洗发水,小红薯momo,109,66d99f060000000026032561,296.0,山姆洗发水，吕，还是不错的选择,normal,"#超赞的洗发水[话题]# #哪种洗发水好用[话题]# #防脱生发洗发水[话题]# #日用品[话题]# #山姆[话题]# 山姆超市，吕，滋盈韧发香氛洗发水套装，济州微风580ml×3瓶，168块！划到56元一瓶，还是蛮划算的，老婆挑了好几个牌子的洗发水，之前也用紫吕，人参味太浓了，这款洗发水去油，又不打结！比较滋养，还是不错的选择！[吐舌头H]
控油蓬松，持久留香！目前洗护用品普遍涨价的情况下，这款还是比较实惠的，关键效果也好！[赞R][赞R] #防脱控油洗发水[话题]# #学习用品好物推荐[话题]# #提升家居氛围感好物[话题]# #好用[话题]#",https://www.xiaohongshu.com/explore/66d99f060000000026032561?xsec_token=ABbWKJrARWXTSSbBdCv06GoUPlSTRNXdcllo07-xl9dIU=&xsec_source=pc_search,,"""http://sns-img-hw.xhscdn.com/1040g008317c6svpoju605nu6f9d0bvonn0nnji0!nd_dft_wlteh_jpg_3,http://sns-img-hw.xhscdn.com/1040g008317c6svpoju505nu6f9d0bvonnaiuus0!nd_dft_wlteh_jpg_3,http://sns-img-hw.xhscdn.com/1040g008317c6svpoju405nu6f9d0bvoncmf95fo!nd_dft_wlteh_jpg_3,http://sns-img-hw.xhscdn.com/1040g008317c6svpoju4g5nu6f9d0bvon287pv8g!nd_dft_wlteh_jpg_3,http://sns-img-hw.xhscdn.com/1040g008317c6svpoju3g5nu6f9d0bvoniec0258!nd_dft_wlteh_jpg_3,http://sns-img-hw.xhscdn.com/1040g008317c6svpoju305nu6f9d0bvonprenr98!nd_dft_wlteh_jpg_3,http://sns-img-hw.xhscdn.com/1040g008317c6svpoju0g5nu6f9d0bvonm3rprpo!nd_dft_wlteh_jpg_3""","""超赞的洗发水,哪种洗发水好用,防脱生发洗发水,日用品,山姆,防脱控油洗发水,学习用品好物推荐,提升家居氛围感好物,好用""",5fc67a5a000000000101ff17,李友谊,66.0,12.0,4.0,15.0,"""[\""山姆\"",\""吕\""]""","""[\""滋盈韧发香氛洗发水套装\"",\""济州微风\""]""","{""山姆"": ""正向"", ""吕"": ""正向""}","{""山姆"": [""划算"", ""滋养"", ""控油"", ""蓬松"", ""留香""], ""吕"": [""去油"", ""不打结"", ""防脱"", ""效果好""]}",True,True,山姆
452,丰盈蓬松洗发水,小红薯momo,109,66d99f060000000026032561,296.0,山姆洗发水，吕，还是不错的选择,normal,"#超赞的洗发水[话题]# #哪种洗发水好用[话题]# #防脱生发洗发水[话题]# #日用品[话题]# #山姆[话题]# 山姆超市，吕，滋盈韧发香氛洗发水套装，济州微风580ml×3瓶，168块！划到56元一瓶，还是蛮划算的，老婆挑了好几个牌子的洗发水，之前也用紫吕，人参味太浓了，这款洗发水去油，又不打结！比较滋养，还是不错的选择！[吐舌头H]
控油蓬松，持久留香！目前洗护用品普遍涨价的情况下，这款还是比较实惠的，关键效果也好！[赞R][赞R] #防脱控油洗发水[话题]# #学习用品好物推荐[话题]# #提升家居氛围感好物[话题]# #好用[话题]#",https://www.xiaohongshu.com/explore/66d99f060000000026032561?xsec_token=ABbWKJrARWXTSSbBdCv06GoUPlSTRNXdcllo07-xl9dIU=&xsec_source=pc_search,,"""http://sns-img-hw.xhscdn.com/1040g008317c6svpoju605nu6f9d0bvonn0nnji0!nd_dft_wlteh_jpg_3,http://sns-img-hw.xhscdn.com/1040g008317c6svpoju505nu6f9d0bvonnaiuus0!nd_dft_wlteh_jpg_3,http://sns-img-hw.xhscdn.com/1040g008317c6svpoju405nu6f9d0bvoncmf95fo!nd_dft_wlteh_jpg_3,http://sns-img-hw.xhscdn.com/1040g008317c6svpoju4g5nu6f9d0bvon287pv8g!nd_dft_wlteh_jpg_3,http://sns-img-hw.xhscdn.com/1040g008317c6svpoju3g5nu6f9d0bvoniec0258!nd_dft_wlteh_jpg_3,http://sns-img-hw.xhscdn.com/1040g008317c6svpoju305nu6f9d0bvonprenr98!nd_dft_wlteh_jpg_3,http://sns-img-hw.xhscdn.com/1040g008317c6svpoju0g5nu6f9d0bvonm3rprpo!nd_dft_wlteh_jpg_3""","""超赞的洗发水,哪种洗发水好用,防脱生发洗发水,日用品,山姆,防脱控油洗发水,学习用品好物推荐,提升家居氛围感好物,好用""",5fc67a5a000000000101ff17,李友谊,66.0,12.0,4.0,15.0,"""[\""山姆\"",\""吕\""]""","""[\""滋盈韧发香氛洗发水套装\"",\""济州微风\""]""","{""山姆"": ""正向"", ""吕"": ""正向""}","{""山姆"": [""划算"", ""滋养"", ""控油"", ""蓬松"", ""留香""], ""吕"": [""去油"", ""不打结"", ""防脱"", ""效果好""]}",True,True,吕
