keyword,rank,search_account,note_id,note_url,title,desc,type,author_id,nickname,liked_count,collected_count,comment_count,share_count,target_brand,target_brand_emotion,target_brand_keywords
丰盈蓬松洗发水,4,小红薯momo,66a0cf730000000027011417,https://www.xiaohongshu.com/explore/66a0cf730000000027011417?xsec_token=ABs1XpIHvetCoYVT61wBHl_By7eldw2xDNx-7u-oLU9dM=&xsec_source=pc_search,我就喜欢又蓬松又香香的洗发水🍋‍🟩分享下,"差不多这批洗发水都用完啦
想着丢瓶子前跟大家分享一波！
你们有喜欢的也种草给我呀[两颗心R]
#洗护好物[话题]# #洗发水[话题]# #洗发水测评[话题]# #洗发水分享[话题]# #好用洗发水[话题]#",video,5a8175b34eacab76003f5fb6,Heyviolin,1738.0,950.0,115.0,46.0,Living Proof,,"蓬松, 高级, 香味好闻, 温和, 方便冲洗"
丰盈蓬松洗发水,32,小红薯momo,682c3eb90000000020028492,https://www.xiaohongshu.com/explore/682c3eb90000000020028492?xsec_token=ABc5o4EfF0MRI_7v97ekSn93RRBM1DX83Azp5EQ_QF4i0=&xsec_source=pc_search,油头扁塌救星,"关于油头软塌我有发言权
先说一下我自己的头发情况，也欢迎大家一起讨论分享❤️
我是个油头，本身的头发有些偏硬，发质整体并不干枯，按理发师的话说我的头发整体发质是比较好的，但发根偏油基本上洗完头隔一天必然会油，发根油的话，会导致头发扁塌贴头皮，我本身一直追求蓬松，头发蓬松会显得脸相对来说会小一点，整体的氛围感更好，市面上大部分有点名气的蓬松洗发水几乎我都尝试过，目前近期手上在用的就是这几瓶洗发水，已经使用过一段时间来做分享。
近期在我心中排行第一的综合水平最高的是图二最左侧胖东来的这瓶洗发水。🌟🌟🌟🌟🌟
这个洗发水洗下来头发并不会特别干，但是蓬松度是有的，并且他的起泡很容易，性价比相对来说也是比较高的，我是被我妈妈安利的，所以大家有机会能买到这瓶洗发水的话，我觉得可以试一试，味道也并不难闻，而且挤不用太多，他就可以很容易起泡
就蓬松度比较好的方面来说，我第二推荐的是living proof，🌟🌟🌟🌟，之前我买的是正常量的，后来换成了大容量，由此可见，我对他的蓬松度是比较满意的，但是他洗完的头发会比较干会容易打结，所以这个时候一定要配合发膜去使用。
来说说老网红Christophe robin，🌟🌟🌟
这个品牌我很早之前就使用过，当时他们家的头皮磨砂膏很有名，我也是用了磨砂膏之后发现蓬松度真的很好，但是也是这样一个问题，洗完之后头发会很干，并且它起泡是需要你自己慢慢揉搓的，所以并不方便。后来我就买了同品牌的洗发水，但洗发水的蓬松度没有那么高，而且也是会有干涩的问题，所以近期我就懒得再用了。
国货品牌这几年势头都比较猛，我入手了若也roye，这个洗发水刚买回来的时候觉得还是有用的，头发来说是有一些蓬松的，但是后来洗着洗着我发现他蓬松保持得很短，然后整体的容量也不是很多，所以性价比相对来说并不高。
revitalash这款洗发水它的味道挺好闻，有一些蓬松度，但同样的问题蓬松程度并不是非常好，而且他还是挺贵的，如果头发出油并不是特别严重，并且有预算，对于香味有要求的话，我觉得这款可以试试。
还有其他几瓶洗发水下篇再分享，后面几张是我卷发或直发的照片，已经尽量不让头发贴头皮了[笑哭R]#油头救星[话题]# #洗发水分享[话题]# #控油蓬松[话题]# #细软塌蓬松的秘密[话题]# #贴头皮救星[话题]#",normal,54df25b9e779893335f9a830,锅盔妈妈,36.0,12.0,7.0,2.0,Living Proof,,"蓬松度满意, 需配合发膜"
